product_id,current_stock,reorder_point,safety_stock,warehouse,inventory_value
PRD-0001,345,186,93,South DC,98404.35
PRD-0002,147,198,103,East DC,10528.14
PRD-0003,689,124,66,East DC,40678.56
PRD-0004,7,100,33,West DC,2344.02
PRD-0005,5,82,47,South DC,1183.05
PRD-0006,117,130,48,South DC,33168.33
PRD-0007,266,126,39,North DC,101870.02
PRD-0008,141,73,34,North DC,44850.69
PRD-0009,89,24,10,South DC,24713.52
PRD-0010,264,47,26,West DC,74049.36
PRD-0011,144,192,104,East DC,22085.28
PRD-0012,224,95,38,West DC,3886.4
PRD-0013,11,106,62,North DC,2414.39
PRD-0014,115,104,40,North DC,12518.9
PRD-0015,236,160,73,West DC,48486.2
PRD-0016,57,31,12,North DC,24338.43
PRD-0017,82,34,20,North DC,9717.0
PRD-0018,74,69,24,South DC,2296.22
PRD-0019,251,107,34,West DC,35674.63
PRD-0020,77,140,60,East DC,11412.17
PRD-0021,174,108,65,North DC,57703.62
PRD-0022,310,99,56,West DC,86614.0
PRD-0023,134,188,99,West DC,52578.92
PRD-0024,6,48,27,West DC,1996.98
PRD-0025,163,122,69,West DC,33313.94
PRD-0026,285,117,53,North DC,116103.3
PRD-0027,178,105,41,West DC,15156.7
PRD-0028,390,165,88,South DC,5190.9
PRD-0029,143,68,34,West DC,6698.12
PRD-0030,59,191,79,East DC,21342.07
PRD-0031,163,79,26,West DC,37817.63
PRD-0032,533,118,62,East DC,43871.23
PRD-0033,81,113,43,East DC,20373.12
PRD-0034,371,172,100,East DC,28882.35
PRD-0035,207,99,37,West DC,72195.39
PRD-0036,69,71,24,East DC,15469.11
PRD-0037,36,23,13,North DC,6903.0
PRD-0038,146,85,29,West DC,22213.9
PRD-0039,376,168,59,East DC,118770.88
PRD-0040,79,21,10,South DC,14392.22
PRD-0041,240,181,102,East DC,10956.0
PRD-0042,13,117,42,West DC,790.01
PRD-0043,61,45,18,West DC,29342.83
PRD-0044,8,74,39,West DC,3635.76
PRD-0045,266,119,70,South DC,93219.7
PRD-0046,107,76,34,West DC,14380.8
PRD-0047,39,39,13,South DC,18901.35
PRD-0048,135,139,42,East DC,52625.7
PRD-0049,500,141,52,East DC,179505.0
PRD-0050,87,41,14,North DC,19642.86
