order_id,order_date,product_id,quantity,delivery_days,status
ORD-000001,2025-11-25,PRD-0050,14,22,Late
ORD-000002,2025-09-11,PRD-0044,249,25,On Time
ORD-000003,2025-10-10,PRD-0049,34,31,Cancelled
ORD-000004,2026-01-25,PRD-0005,135,6,On Time
ORD-000005,2026-02-10,PRD-0041,128,14,On Time
ORD-000006,2025-10-19,PRD-0030,135,7,Late
ORD-000007,2026-01-19,PRD-0030,14,6,On Time
ORD-000008,2026-03-28,PRD-0047,118,26,On Time
ORD-000009,2025-11-12,PRD-0050,75,22,Late
ORD-000010,2025-12-21,PRD-0038,154,30,Cancelled
ORD-000011,2026-01-01,PRD-0025,58,13,On Time
ORD-000012,2026-02-20,PRD-0025,109,22,Late
ORD-000013,2025-12-31,PRD-0023,155,20,On Time
ORD-000014,2026-05-15,PRD-0021,16,22,On Time
ORD-000015,2025-12-17,PRD-0023,196,19,On Time
ORD-000016,2026-01-25,PRD-0004,179,6,On Time
ORD-000017,2026-01-05,PRD-0004,15,5,On Time
ORD-000018,2025-10-25,PRD-0041,17,13,On Time
ORD-000019,2026-04-27,PRD-0024,212,32,Late
ORD-000020,2025-11-13,PRD-0048,71,22,On Time
ORD-000021,2025-12-06,PRD-0033,215,8,Late
ORD-000022,2026-06-05,PRD-0001,125,12,On Time
ORD-000023,2026-08-01,PRD-0008,86,32,Late
ORD-000024,2026-04-21,PRD-0010,69,19,On Time
ORD-000025,2026-07-20,PRD-0050,165,23,Late
ORD-000026,2026-06-27,PRD-0011,28,23,Late
ORD-000027,2026-02-11,PRD-0028,101,31,Late
ORD-000028,2026-05-28,PRD-0049,87,28,On Time
ORD-000029,2025-12-17,PRD-0050,39,21,Cancelled
ORD-000030,2026-02-04,PRD-0013,88,14,Cancelled
ORD-000031,2026-03-03,PRD-0002,132,21,On Time
ORD-000032,2026-08-05,PRD-0007,169,5,On Time
ORD-000033,2026-06-25,PRD-0003,22,17,On Time
ORD-000034,2026-02-14,PRD-0010,218,24,Late
ORD-000035,2026-04-15,PRD-0032,219,26,On Time
ORD-000036,2025-11-01,PRD-0047,173,25,On Time
ORD-000037,2026-06-09,PRD-0030,231,4,On Time
ORD-000038,2026-03-09,PRD-0033,107,7,Late
ORD-000039,2026-03-02,PRD-0010,205,20,On Time
ORD-000040,2026-05-26,PRD-0042,182,25,On Time
ORD-000041,2026-04-08,PRD-0033,141,6,On Time
ORD-000042,2025-09-15,PRD-0046,45,30,Late
ORD-000043,2025-12-03,PRD-0049,139,31,Late
ORD-000044,2025-10-23,PRD-0021,225,19,On Time
ORD-000045,2026-05-15,PRD-0004,246,6,On Time
ORD-000046,2025-09-01,PRD-0013,112,12,On Time
ORD-000047,2025-11-01,PRD-0024,62,27,Late
ORD-000048,2026-03-26,PRD-0049,187,27,On Time
ORD-000049,2026-04-30,PRD-0022,19,16,Late
ORD-000050,2026-02-19,PRD-0040,38,32,Late
ORD-000051,2026-06-30,PRD-0030,140,5,On Time
ORD-000052,2026-07-21,PRD-0009,247,18,Late
ORD-000053,2025-10-07,PRD-0019,82,9,On Time
ORD-000054,2026-08-02,PRD-0035,111,15,On Time
ORD-000055,2026-04-01,PRD-0036,81,21,On Time
ORD-000056,2026-04-09,PRD-0024,110,26,On Time
ORD-000057,2025-09-23,PRD-0013,2,10,On Time
ORD-000058,2026-04-03,PRD-0038,149,32,Late
ORD-000059,2026-05-11,PRD-0008,149,29,Late
ORD-000060,2026-03-19,PRD-0049,79,29,Late
ORD-000061,2025-09-19,PRD-0010,66,22,On Time
ORD-000062,2026-02-26,PRD-0004,190,8,Late
ORD-000063,2026-07-27,PRD-0027,47,23,On Time
ORD-000064,2026-05-11,PRD-0028,12,29,Late
ORD-000065,2025-10-09,PRD-0028,11,27,On Time
ORD-000066,2026-08-05,PRD-0024,220,30,Late
ORD-000067,2026-08-04,PRD-0050,91,23,Late
ORD-000068,2025-10-20,PRD-0025,26,11,On Time
ORD-000069,2026-06-08,PRD-0025,219,12,On Time
ORD-000070,2026-01-15,PRD-0023,38,22,On Time
ORD-000071,2026-03-24,PRD-0003,84,20,Cancelled
ORD-000072,2026-01-29,PRD-0033,6,4,On Time
ORD-000073,2026-06-01,PRD-0013,170,19,Late
ORD-000074,2026-08-18,PRD-0034,175,22,On Time
ORD-000075,2026-06-06,PRD-0002,189,23,Late
ORD-000076,2026-07-25,PRD-0050,66,19,On Time
ORD-000077,2026-07-31,PRD-0025,82,17,Late
ORD-000078,2025-09-21,PRD-0047,234,25,On Time
ORD-000079,2025-11-20,PRD-0025,205,14,On Time
ORD-000080,2026-05-10,PRD-0003,10,22,Late
ORD-000081,2026-03-23,PRD-0043,173,26,On Time
ORD-000082,2025-09-07,PRD-0034,203,25,Late
ORD-000083,2025-09-23,PRD-0041,140,15,On Time
ORD-000084,2026-02-25,PRD-0023,160,24,Late
ORD-000085,2026-04-01,PRD-0034,1,19,On Time
ORD-000086,2025-10-20,PRD-0045,8,30,Late
ORD-000087,2025-10-21,PRD-0034,9,19,On Time
ORD-000088,2025-10-06,PRD-0021,40,22,On Time
ORD-000089,2026-03-14,PRD-0035,247,15,On Time
ORD-000090,2025-08-22,PRD-0036,158,21,On Time
ORD-000091,2026-03-16,PRD-0049,195,28,On Time
ORD-000092,2026-02-09,PRD-0022,74,12,On Time
ORD-000093,2026-02-06,PRD-0023,234,22,On Time
ORD-000094,2026-04-24,PRD-0042,50,27,Late
ORD-000095,2026-02-26,PRD-0028,225,30,Late
ORD-000096,2026-05-12,PRD-0038,8,34,Late
ORD-000097,2026-05-25,PRD-0025,6,15,On Time
ORD-000098,2026-07-21,PRD-0011,20,23,Late
ORD-000099,2026-06-07,PRD-0038,198,31,Late
ORD-000100,2026-02-24,PRD-0007,65,6,On Time
ORD-000101,2026-02-15,PRD-0010,113,21,On Time
ORD-000102,2025-11-14,PRD-0033,118,3,On Time
ORD-000103,2026-03-26,PRD-0038,197,34,Late
ORD-000104,2025-10-09,PRD-0047,87,26,On Time
ORD-000105,2026-07-25,PRD-0017,2,32,Late
ORD-000106,2026-06-24,PRD-0004,97,5,Cancelled
ORD-000107,2025-10-02,PRD-0049,72,31,Late
ORD-000108,2026-06-02,PRD-0007,182,4,On Time
ORD-000109,2025-10-01,PRD-0010,188,24,Late
ORD-000110,2026-05-10,PRD-0017,23,32,Late
ORD-000111,2025-09-21,PRD-0029,198,27,On Time
ORD-000112,2026-02-14,PRD-0046,18,34,Late
ORD-000113,2026-04-17,PRD-0039,155,17,Cancelled
ORD-000114,2026-05-13,PRD-0038,97,32,Late
ORD-000115,2026-01-19,PRD-0009,76,12,On Time
ORD-000116,2026-07-22,PRD-0021,121,20,On Time
ORD-000117,2026-05-29,PRD-0025,78,14,On Time
ORD-000118,2025-11-04,PRD-0007,198,7,Late
ORD-000119,2026-04-21,PRD-0017,241,31,Late
ORD-000120,2026-05-13,PRD-0019,204,5,On Time
ORD-000121,2025-12-19,PRD-0005,110,6,On Time
ORD-000122,2026-05-16,PRD-0030,126,3,On Time
ORD-000123,2026-07-13,PRD-0038,112,31,Late
ORD-000124,2026-06-14,PRD-0003,198,18,On Time
ORD-000125,2026-05-25,PRD-0025,138,16,Late
ORD-000126,2026-04-08,PRD-0041,117,15,On Time
ORD-000127,2025-11-26,PRD-0038,102,33,Late
ORD-000128,2026-06-06,PRD-0042,94,28,Late
ORD-000129,2025-12-30,PRD-0024,138,27,Late
ORD-000130,2026-03-02,PRD-0043,172,30,Late
ORD-000131,2025-12-12,PRD-0013,108,11,On Time
ORD-000132,2025-12-12,PRD-0021,201,19,On Time
ORD-000133,2025-10-16,PRD-0009,206,15,On Time
ORD-000134,2026-08-05,PRD-0025,107,11,On Time
ORD-000135,2025-10-12,PRD-0023,227,21,On Time
ORD-000136,2025-09-20,PRD-0013,44,13,On Time
ORD-000137,2026-07-27,PRD-0038,233,29,Late
ORD-000138,2026-03-10,PRD-0019,74,6,On Time
ORD-000139,2026-01-26,PRD-0017,141,29,Late
ORD-000140,2026-05-16,PRD-0007,71,6,On Time
ORD-000141,2026-01-06,PRD-0024,111,30,Late
ORD-000142,2025-10-05,PRD-0019,85,8,On Time
ORD-000143,2026-05-13,PRD-0022,176,13,On Time
ORD-000144,2025-10-23,PRD-0013,21,15,On Time
ORD-000145,2026-03-09,PRD-0040,209,26,On Time
ORD-000146,2026-08-01,PRD-0048,226,22,On Time
ORD-000147,2026-07-27,PRD-0027,141,31,Late
ORD-000148,2025-12-29,PRD-0034,137,26,Late
ORD-000149,2026-05-31,PRD-0046,175,28,On Time
ORD-000150,2026-03-31,PRD-0050,50,21,On Time
ORD-000151,2026-02-10,PRD-0033,187,5,On Time
ORD-000152,2025-10-10,PRD-0047,55,26,On Time
ORD-000153,2026-01-04,PRD-0047,169,27,On Time
ORD-000154,2026-04-14,PRD-0041,77,14,On Time
ORD-000155,2026-08-15,PRD-0025,186,18,Late
ORD-000156,2025-08-21,PRD-0004,197,5,On Time
ORD-000157,2026-05-08,PRD-0001,52,17,Late
ORD-000158,2026-06-24,PRD-0025,154,16,Late
ORD-000159,2026-08-02,PRD-0026,125,15,On Time
ORD-000160,2026-01-21,PRD-0023,74,21,On Time
ORD-000161,2025-10-02,PRD-0032,147,31,Late
ORD-000162,2025-11-26,PRD-0030,248,5,Cancelled
ORD-000163,2026-06-26,PRD-0043,1,31,Late
ORD-000164,2026-07-06,PRD-0004,239,5,On Time
ORD-000165,2026-04-09,PRD-0012,214,25,Late
ORD-000166,2025-10-03,PRD-0041,132,16,Late
ORD-000167,2025-10-03,PRD-0044,152,28,Late
ORD-000168,2026-02-10,PRD-0050,92,22,Late
ORD-000169,2026-03-22,PRD-0046,33,30,Cancelled
ORD-000170,2025-08-31,PRD-0047,143,25,On Time
ORD-000171,2026-04-27,PRD-0019,204,10,Late
ORD-000172,2026-03-06,PRD-0023,58,22,On Time
ORD-000173,2025-08-24,PRD-0016,179,27,On Time
ORD-000174,2025-09-23,PRD-0033,187,6,On Time
ORD-000175,2026-02-01,PRD-0049,189,29,Late
ORD-000176,2026-05-10,PRD-0021,85,22,On Time
ORD-000177,2026-06-17,PRD-0031,98,26,On Time
ORD-000178,2026-01-24,PRD-0019,104,7,On Time
ORD-000179,2025-12-05,PRD-0008,213,33,Late
ORD-000180,2026-08-08,PRD-0010,225,20,On Time
ORD-000181,2026-02-03,PRD-0002,104,23,Late
ORD-000182,2025-12-13,PRD-0049,242,30,Late
ORD-000183,2026-01-28,PRD-0023,143,25,Late
ORD-000184,2025-08-24,PRD-0043,96,29,Late
ORD-000185,2025-12-08,PRD-0036,1,20,On Time
ORD-000186,2026-02-24,PRD-0010,153,20,On Time
ORD-000187,2026-07-21,PRD-0009,161,16,Late
ORD-000188,2026-05-16,PRD-0042,242,27,Late
ORD-000189,2026-06-01,PRD-0015,179,25,On Time
ORD-000190,2026-03-06,PRD-0047,8,22,On Time
ORD-000191,2025-09-29,PRD-0007,142,6,On Time
ORD-000192,2026-01-09,PRD-0036,185,20,On Time
ORD-000193,2026-08-18,PRD-0042,124,27,Late
ORD-000194,2025-09-05,PRD-0013,107,17,Late
ORD-000195,2026-07-06,PRD-0017,202,29,Late
ORD-000196,2026-04-26,PRD-0049,153,33,Late
ORD-000197,2025-12-01,PRD-0015,170,25,On Time
ORD-000198,2026-05-30,PRD-0023,116,25,Late
ORD-000199,2026-06-21,PRD-0023,70,23,Late
ORD-000200,2025-09-04,PRD-0014,130,6,On Time
ORD-000201,2025-09-27,PRD-0040,239,28,On Time
ORD-000202,2026-04-19,PRD-0040,151,32,Late
ORD-000203,2026-08-19,PRD-0022,177,14,On Time
ORD-000204,2025-08-28,PRD-0043,31,31,Late
ORD-000205,2026-04-19,PRD-0010,246,24,Late
ORD-000206,2025-10-08,PRD-0001,61,13,On Time
ORD-000207,2026-04-14,PRD-0032,242,30,Late
ORD-000208,2026-04-04,PRD-0050,111,22,Late
ORD-000209,2025-09-22,PRD-0002,229,23,Late
ORD-000210,2026-04-25,PRD-0010,223,21,On Time
ORD-000211,2026-07-13,PRD-0028,189,31,Late
ORD-000212,2026-07-01,PRD-0042,229,25,On Time
ORD-000213,2025-08-30,PRD-0004,152,5,On Time
ORD-000214,2025-11-17,PRD-0023,212,22,On Time
ORD-000215,2025-11-15,PRD-0038,43,29,Late
ORD-000216,2026-02-01,PRD-0022,18,16,Late
ORD-000217,2025-10-11,PRD-0010,136,24,Late
ORD-000218,2026-06-27,PRD-0010,202,19,On Time
ORD-000219,2026-05-30,PRD-0023,191,21,On Time
ORD-000220,2026-06-11,PRD-0025,132,15,On Time
ORD-000221,2025-10-31,PRD-0046,130,27,On Time
ORD-000222,2025-08-25,PRD-0034,152,25,Cancelled
ORD-000223,2026-07-18,PRD-0037,217,9,Late
ORD-000224,2025-12-03,PRD-0050,210,21,On Time
ORD-000225,2026-04-16,PRD-0023,28,25,Late
ORD-000226,2026-07-17,PRD-0023,149,18,On Time
ORD-000227,2025-09-02,PRD-0048,95,21,On Time
ORD-000228,2025-08-21,PRD-0013,200,16,Late
ORD-000229,2025-08-21,PRD-0038,126,29,Late
ORD-000230,2025-10-16,PRD-0038,247,30,Late
ORD-000231,2025-09-07,PRD-0004,108,4,On Time
ORD-000232,2026-06-15,PRD-0025,170,17,Late
ORD-000233,2026-03-29,PRD-0010,28,23,Late
ORD-000234,2026-08-12,PRD-0009,233,15,On Time
ORD-000235,2026-06-08,PRD-0025,39,11,On Time
ORD-000236,2026-08-06,PRD-0017,95,27,On Time
ORD-000237,2025-11-15,PRD-0041,209,16,Late
ORD-000238,2025-12-03,PRD-0047,241,26,On Time
ORD-000239,2026-06-26,PRD-0042,121,21,On Time
ORD-000240,2025-11-17,PRD-0015,121,29,Late
ORD-000241,2025-09-09,PRD-0017,13,32,Late
ORD-000242,2026-04-21,PRD-0014,244,6,On Time
ORD-000243,2026-06-08,PRD-0007,5,7,Late
ORD-000244,2026-08-08,PRD-0049,7,29,Cancelled
ORD-000245,2026-07-24,PRD-0023,118,20,Cancelled
ORD-000246,2025-10-02,PRD-0012,1,22,On Time
ORD-000247,2026-05-28,PRD-0044,41,33,Late
ORD-000248,2026-06-24,PRD-0023,157,25,Late
ORD-000249,2026-05-01,PRD-0001,176,16,Late
ORD-000250,2026-06-15,PRD-0008,75,31,Late
ORD-000251,2026-06-21,PRD-0034,199,23,Late
ORD-000252,2026-01-29,PRD-0041,152,12,On Time
ORD-000253,2025-09-03,PRD-0010,57,23,Late
ORD-000254,2026-02-02,PRD-0048,178,20,On Time
ORD-000255,2025-11-01,PRD-0045,148,30,Late
ORD-000256,2025-09-30,PRD-0045,203,28,On Time
ORD-000257,2025-10-04,PRD-0013,39,15,On Time
ORD-000258,2026-05-01,PRD-0002,58,22,On Time
ORD-000259,2026-02-20,PRD-0046,76,24,On Time
ORD-000260,2026-03-05,PRD-0019,86,8,On Time
ORD-000261,2026-05-18,PRD-0033,222,8,Late
ORD-000262,2026-03-08,PRD-0039,183,16,Late
ORD-000263,2026-04-06,PRD-0006,136,15,On Time
ORD-000264,2025-09-20,PRD-0041,135,18,Late
ORD-000265,2026-06-26,PRD-0049,221,33,Late
ORD-000266,2026-01-30,PRD-0038,112,29,Late
ORD-000267,2025-10-15,PRD-0024,57,31,Late
ORD-000268,2026-06-12,PRD-0046,35,32,Late
ORD-000269,2026-05-15,PRD-0028,83,28,On Time
ORD-000270,2025-09-08,PRD-0038,163,26,Cancelled
ORD-000271,2025-10-29,PRD-0043,118,29,Late
ORD-000272,2025-08-25,PRD-0038,106,30,Late
ORD-000273,2025-11-26,PRD-0017,120,27,On Time
ORD-000274,2025-09-25,PRD-0005,243,7,Late
ORD-000275,2026-05-06,PRD-0013,249,15,On Time
ORD-000276,2026-02-26,PRD-0028,41,33,Late
ORD-000277,2026-08-12,PRD-0028,29,30,Late
ORD-000278,2026-05-20,PRD-0033,61,7,Late
ORD-000279,2026-03-31,PRD-0023,213,23,Late
ORD-000280,2026-02-21,PRD-0041,115,17,Late
ORD-000281,2025-09-08,PRD-0047,216,23,On Time
ORD-000282,2025-09-14,PRD-0013,162,14,On Time
ORD-000283,2026-04-01,PRD-0038,138,34,Late
ORD-000284,2025-08-21,PRD-0036,71,25,Late
ORD-000285,2025-09-04,PRD-0028,86,29,Late
ORD-000286,2025-11-07,PRD-0010,37,21,On Time
ORD-000287,2026-07-08,PRD-0041,130,16,Late
ORD-000288,2026-02-03,PRD-0049,70,32,Late
ORD-000289,2026-05-05,PRD-0038,73,28,On Time
ORD-000290,2026-01-17,PRD-0048,10,22,On Time
ORD-000291,2025-10-22,PRD-0050,199,23,Late
ORD-000292,2026-01-02,PRD-0021,234,26,Late
ORD-000293,2025-09-22,PRD-0034,125,23,Late
ORD-000294,2026-05-28,PRD-0025,134,15,On Time
ORD-000295,2025-10-25,PRD-0050,231,21,On Time
ORD-000296,2026-01-04,PRD-0004,128,8,Late
ORD-000297,2026-08-12,PRD-0023,156,21,On Time
ORD-000298,2026-03-24,PRD-0046,107,32,Late
ORD-000299,2026-02-03,PRD-0017,129,28,On Time
ORD-000300,2026-03-06,PRD-0041,130,17,Late
ORD-000301,2026-06-02,PRD-0022,178,13,On Time
ORD-000302,2025-11-20,PRD-0050,151,20,On Time
ORD-000303,2026-04-09,PRD-0046,126,33,Late
ORD-000304,2026-07-04,PRD-0019,19,12,Late
ORD-000305,2026-03-16,PRD-0040,226,29,Late
ORD-000306,2026-01-29,PRD-0020,222,5,On Time
ORD-000307,2025-10-11,PRD-0033,46,5,On Time
ORD-000308,2025-11-18,PRD-0035,74,18,Late
ORD-000309,2026-07-31,PRD-0043,243,26,On Time
ORD-000310,2026-03-05,PRD-0001,80,13,On Time
ORD-000311,2025-12-07,PRD-0011,203,26,Late
ORD-000312,2026-01-19,PRD-0038,196,32,Late
ORD-000313,2026-03-18,PRD-0032,215,24,On Time
ORD-000314,2026-03-04,PRD-0026,4,15,On Time
ORD-000315,2026-05-02,PRD-0002,121,22,On Time
ORD-000316,2025-11-21,PRD-0021,141,23,Late
ORD-000317,2026-04-13,PRD-0046,209,35,Late
ORD-000318,2026-01-28,PRD-0001,56,16,Late
ORD-000319,2026-07-29,PRD-0023,77,21,On Time
ORD-000320,2025-10-16,PRD-0049,45,31,Late
ORD-000321,2025-10-13,PRD-0002,190,20,On Time
ORD-000322,2026-02-04,PRD-0038,249,29,Late
ORD-000323,2026-02-21,PRD-0014,35,5,On Time
ORD-000324,2026-04-29,PRD-0046,59,28,On Time
ORD-000325,2026-01-14,PRD-0038,77,29,Late
ORD-000326,2026-07-19,PRD-0046,222,29,Late
ORD-000327,2026-02-09,PRD-0011,111,21,On Time
ORD-000328,2025-10-06,PRD-0030,71,4,On Time
ORD-000329,2025-10-02,PRD-0041,81,8,On Time
ORD-000330,2026-08-10,PRD-0013,149,12,On Time
ORD-000331,2025-10-07,PRD-0013,97,14,On Time
ORD-000332,2026-07-31,PRD-0001,35,14,On Time
ORD-000333,2025-11-29,PRD-0049,205,33,Late
ORD-000334,2025-09-23,PRD-0038,106,31,Late
ORD-000335,2025-12-09,PRD-0034,64,24,Late
ORD-000336,2026-04-01,PRD-0038,182,30,Cancelled
ORD-000337,2026-01-23,PRD-0030,186,7,Late
ORD-000338,2026-06-02,PRD-0025,39,13,On Time
ORD-000339,2026-03-31,PRD-0024,19,29,Late
ORD-000340,2026-01-13,PRD-0034,12,20,On Time
ORD-000341,2026-04-08,PRD-0010,191,22,On Time
ORD-000342,2026-08-09,PRD-0046,156,29,Late
ORD-000343,2026-01-17,PRD-0042,198,25,On Time
ORD-000344,2025-10-15,PRD-0021,156,24,Late
ORD-000345,2026-01-16,PRD-0032,101,28,Late
ORD-000346,2026-06-22,PRD-0007,147,5,On Time
ORD-000347,2025-11-07,PRD-0050,180,21,On Time
ORD-000348,2026-08-01,PRD-0047,100,26,On Time
ORD-000349,2026-03-22,PRD-0048,228,20,On Time
ORD-000350,2026-03-27,PRD-0020,225,7,Late
ORD-000351,2025-12-13,PRD-0008,200,31,Late
ORD-000352,2026-07-21,PRD-0010,248,20,On Time
ORD-000353,2025-09-02,PRD-0004,98,2,On Time
ORD-000354,2025-12-07,PRD-0005,29,6,On Time
ORD-000355,2026-01-19,PRD-0003,121,22,Late
ORD-000356,2026-02-10,PRD-0050,186,19,On Time
ORD-000357,2026-02-09,PRD-0004,195,12,Late
ORD-000358,2025-10-12,PRD-0007,97,7,Late
ORD-000359,2025-11-10,PRD-0043,73,34,Late
ORD-000360,2025-09-23,PRD-0033,111,8,Late
ORD-000361,2026-03-16,PRD-0040,201,34,Late
ORD-000362,2025-12-26,PRD-0034,16,20,On Time
ORD-000363,2026-03-14,PRD-0046,82,27,On Time
ORD-000364,2026-03-23,PRD-0034,58,21,On Time
ORD-000365,2026-05-03,PRD-0028,201,30,Late
ORD-000366,2026-03-07,PRD-0038,117,29,Late
ORD-000367,2026-04-13,PRD-0024,22,29,Late
ORD-000368,2026-03-22,PRD-0021,66,25,Late
ORD-000369,2026-04-15,PRD-0025,12,16,Late
ORD-000370,2026-04-02,PRD-0008,119,33,Late
ORD-000371,2025-12-13,PRD-0041,249,13,On Time
ORD-000372,2025-11-17,PRD-0014,142,6,On Time
ORD-000373,2026-06-03,PRD-0007,217,9,Late
ORD-000374,2025-12-23,PRD-0013,185,15,On Time
ORD-000375,2026-03-08,PRD-0044,220,25,On Time
ORD-000376,2025-10-30,PRD-0020,78,5,On Time
ORD-000377,2026-01-24,PRD-0037,237,5,On Time
ORD-000378,2026-03-01,PRD-0045,60,28,On Time
ORD-000379,2026-04-05,PRD-0004,110,4,On Time
ORD-000380,2026-02-28,PRD-0040,170,29,Late
ORD-000381,2025-12-29,PRD-0019,72,8,On Time
ORD-000382,2026-08-06,PRD-0011,66,20,On Time
ORD-000383,2026-02-23,PRD-0037,33,8,Late
ORD-000384,2026-06-11,PRD-0047,2,27,On Time
ORD-000385,2026-05-15,PRD-0019,125,9,On Time
ORD-000386,2026-03-11,PRD-0032,246,26,On Time
ORD-000387,2026-07-09,PRD-0017,55,29,Late
ORD-000388,2025-10-05,PRD-0030,110,6,On Time
ORD-000389,2026-07-22,PRD-0033,233,7,Late
ORD-000390,2026-06-26,PRD-0033,193,6,On Time
ORD-000391,2026-02-19,PRD-0033,1,9,Late
ORD-000392,2026-05-14,PRD-0007,125,5,On Time
ORD-000393,2026-02-25,PRD-0037,36,8,Late
ORD-000394,2025-11-26,PRD-0036,62,21,On Time
ORD-000395,2026-06-07,PRD-0036,62,18,On Time
ORD-000396,2025-11-17,PRD-0004,153,7,Late
ORD-000397,2025-12-12,PRD-0024,50,28,Late
ORD-000398,2026-02-25,PRD-0023,63,23,Late
ORD-000399,2026-06-21,PRD-0004,57,7,Late
ORD-000400,2026-01-07,PRD-0011,89,20,On Time
ORD-000401,2026-02-16,PRD-0024,164,27,Late
ORD-000402,2025-09-04,PRD-0038,100,31,Cancelled
ORD-000403,2025-10-01,PRD-0013,82,15,On Time
ORD-000404,2025-09-09,PRD-0043,129,28,Cancelled
ORD-000405,2025-09-15,PRD-0030,154,8,Late
ORD-000406,2026-07-03,PRD-0039,4,13,On Time
ORD-000407,2026-06-23,PRD-0025,222,14,On Time
ORD-000408,2026-06-15,PRD-0028,229,34,Late
ORD-000409,2025-09-09,PRD-0033,151,7,Late
ORD-000410,2025-09-17,PRD-0048,144,21,On Time
ORD-000411,2025-11-30,PRD-0026,173,15,On Time
ORD-000412,2026-03-14,PRD-0029,110,26,On Time
ORD-000413,2025-12-19,PRD-0033,92,1,Cancelled
ORD-000414,2026-02-13,PRD-0038,88,30,Late
ORD-000415,2025-10-22,PRD-0003,40,21,On Time
ORD-000416,2026-05-13,PRD-0028,210,29,Late
ORD-000417,2025-12-12,PRD-0025,80,15,On Time
ORD-000418,2025-09-13,PRD-0048,71,24,Late
ORD-000419,2026-05-18,PRD-0026,241,14,On Time
ORD-000420,2026-07-15,PRD-0025,127,13,On Time
ORD-000421,2025-08-25,PRD-0049,155,30,Late
ORD-000422,2026-01-26,PRD-0024,62,26,On Time
ORD-000423,2026-06-17,PRD-0009,70,14,On Time
ORD-000424,2026-05-04,PRD-0011,182,20,On Time
ORD-000425,2026-06-28,PRD-0004,113,10,Late
ORD-000426,2026-01-18,PRD-0001,37,11,On Time
ORD-000427,2026-01-02,PRD-0023,209,20,On Time
ORD-000428,2026-05-05,PRD-0040,101,31,Late
ORD-000429,2025-10-15,PRD-0038,167,31,Late
ORD-000430,2025-11-15,PRD-0001,85,17,Late
ORD-000431,2026-03-27,PRD-0032,140,30,Late
ORD-000432,2026-04-20,PRD-0007,194,5,On Time
ORD-000433,2025-10-02,PRD-0049,221,29,Late
ORD-000434,2026-02-21,PRD-0008,52,30,Late
ORD-000435,2025-12-31,PRD-0033,168,7,Late
ORD-000436,2026-02-19,PRD-0019,228,8,On Time
ORD-000437,2026-08-04,PRD-0034,161,21,On Time
ORD-000438,2025-09-16,PRD-0023,36,22,On Time
ORD-000439,2026-08-18,PRD-0039,48,16,Late
ORD-000440,2026-01-31,PRD-0013,51,12,On Time
ORD-000441,2026-05-28,PRD-0047,27,24,On Time
ORD-000442,2026-01-21,PRD-0028,188,27,On Time
ORD-000443,2025-12-11,PRD-0039,241,17,Late
ORD-000444,2026-05-28,PRD-0045,129,32,Late
ORD-000445,2026-04-27,PRD-0050,150,22,Late
ORD-000446,2025-10-11,PRD-0011,193,18,On Time
ORD-000447,2026-05-04,PRD-0017,104,34,Late
ORD-000448,2026-05-21,PRD-0013,118,13,On Time
ORD-000449,2026-01-08,PRD-0015,147,27,On Time
ORD-000450,2026-07-23,PRD-0033,76,8,Late
ORD-000451,2026-04-10,PRD-0050,16,19,On Time
ORD-000452,2025-12-19,PRD-0050,142,20,Cancelled
ORD-000453,2025-08-23,PRD-0028,205,31,Late
ORD-000454,2026-04-23,PRD-0034,19,27,Late
ORD-000455,2025-11-04,PRD-0045,54,29,Late
ORD-000456,2026-05-23,PRD-0048,66,25,Late
ORD-000457,2026-02-27,PRD-0010,201,24,Late
ORD-000458,2026-02-06,PRD-0029,126,27,On Time
ORD-000459,2025-10-18,PRD-0043,134,30,Late
ORD-000460,2026-05-06,PRD-0019,161,10,Late
ORD-000461,2025-10-19,PRD-0024,69,26,On Time
ORD-000462,2026-01-19,PRD-0050,178,24,Late
ORD-000463,2026-06-21,PRD-0050,8,21,On Time
ORD-000464,2026-07-21,PRD-0047,29,21,On Time
ORD-000465,2026-08-16,PRD-0042,204,28,Late
ORD-000466,2026-08-04,PRD-0017,164,33,Late
ORD-000467,2026-03-10,PRD-0019,44,8,Cancelled
ORD-000468,2025-11-01,PRD-0030,110,7,Late
ORD-000469,2026-06-22,PRD-0031,13,25,On Time
ORD-000470,2026-06-08,PRD-0028,168,29,Late
ORD-000471,2026-08-16,PRD-0034,189,21,On Time
ORD-000472,2026-04-14,PRD-0023,70,22,On Time
ORD-000473,2025-10-10,PRD-0038,88,30,Late
ORD-000474,2026-02-19,PRD-0020,59,8,Late
ORD-000475,2026-01-30,PRD-0020,97,5,On Time
ORD-000476,2026-06-23,PRD-0005,68,7,Late
ORD-000477,2026-01-10,PRD-0010,62,22,On Time
ORD-000478,2025-12-17,PRD-0045,108,28,On Time
ORD-000479,2025-09-18,PRD-0024,214,27,Late
ORD-000480,2026-06-20,PRD-0013,190,15,On Time
ORD-000481,2026-05-22,PRD-0039,75,20,Late
ORD-000482,2025-09-04,PRD-0030,235,7,Late
ORD-000483,2026-01-25,PRD-0001,53,12,On Time
ORD-000484,2026-02-11,PRD-0019,227,2,On Time
ORD-000485,2026-02-07,PRD-0009,78,16,Late
ORD-000486,2026-07-21,PRD-0035,135,15,On Time
ORD-000487,2025-10-13,PRD-0017,51,33,Late
ORD-000488,2025-12-09,PRD-0003,190,19,Cancelled
ORD-000489,2025-10-25,PRD-0002,80,23,Late
ORD-000490,2025-11-17,PRD-0033,218,8,Late
ORD-000491,2026-07-17,PRD-0001,21,14,On Time
ORD-000492,2026-07-29,PRD-0045,125,30,Late
ORD-000493,2025-09-05,PRD-0008,40,30,Late
ORD-000494,2026-04-07,PRD-0033,222,7,Late
ORD-000495,2025-11-12,PRD-0024,104,28,Late
ORD-000496,2025-10-29,PRD-0024,168,30,Late
ORD-000497,2025-12-04,PRD-0003,219,20,On Time
ORD-000498,2025-10-29,PRD-0042,134,26,On Time
ORD-000499,2026-02-14,PRD-0047,15,30,Late
ORD-000500,2026-08-18,PRD-0001,55,14,On Time
ORD-000501,2026-03-22,PRD-0009,53,14,On Time
ORD-000502,2026-05-10,PRD-0047,228,26,On Time
ORD-000503,2026-02-16,PRD-0030,227,7,Late
ORD-000504,2025-08-25,PRD-0007,119,5,On Time
ORD-000505,2025-09-19,PRD-0010,222,21,On Time
ORD-000506,2025-11-26,PRD-0035,62,15,On Time
ORD-000507,2025-11-16,PRD-0038,170,29,Late
ORD-000508,2026-06-22,PRD-0033,98,2,On Time
ORD-000509,2026-06-23,PRD-0049,60,35,Late
ORD-000510,2026-06-27,PRD-0026,63,15,On Time
ORD-000511,2026-04-09,PRD-0019,105,9,On Time
ORD-000512,2026-03-11,PRD-0025,85,12,On Time
ORD-000513,2026-04-13,PRD-0021,53,21,On Time
ORD-000514,2026-01-15,PRD-0011,84,19,On Time
ORD-000515,2026-04-21,PRD-0002,33,25,Late
ORD-000516,2026-06-05,PRD-0021,242,20,On Time
ORD-000517,2026-05-25,PRD-0038,95,30,Late
ORD-000518,2026-04-01,PRD-0001,27,13,On Time
ORD-000519,2025-09-10,PRD-0024,144,25,On Time
ORD-000520,2026-05-11,PRD-0034,220,21,On Time
ORD-000521,2025-12-31,PRD-0033,90,8,Late
ORD-000522,2026-05-18,PRD-0041,211,11,On Time
ORD-000523,2026-03-04,PRD-0042,153,26,On Time
ORD-000524,2026-07-07,PRD-0038,185,28,On Time
ORD-000525,2025-12-21,PRD-0004,74,5,On Time
ORD-000526,2026-07-25,PRD-0025,10,14,On Time
ORD-000527,2026-06-24,PRD-0033,87,3,On Time
ORD-000528,2025-12-18,PRD-0013,231,13,On Time
ORD-000529,2026-02-12,PRD-0002,197,18,On Time
ORD-000530,2026-03-01,PRD-0011,196,19,On Time
ORD-000531,2026-05-27,PRD-0025,219,18,Late
ORD-000532,2026-04-28,PRD-0023,93,22,On Time
ORD-000533,2026-06-26,PRD-0009,81,15,Cancelled
ORD-000534,2026-01-02,PRD-0043,231,30,Cancelled
ORD-000535,2026-02-20,PRD-0048,143,18,On Time
ORD-000536,2026-01-24,PRD-0010,75,20,On Time
ORD-000537,2026-07-17,PRD-0048,70,21,On Time
ORD-000538,2025-12-09,PRD-0001,219,16,Late
ORD-000539,2026-03-22,PRD-0048,14,23,Late
ORD-000540,2025-10-02,PRD-0049,16,30,Late
ORD-000541,2026-06-26,PRD-0001,184,14,On Time
ORD-000542,2026-01-07,PRD-0040,1,28,On Time
ORD-000543,2025-12-22,PRD-0049,43,31,Late
ORD-000544,2026-03-20,PRD-0047,247,26,On Time
ORD-000545,2026-02-18,PRD-0049,107,36,Late
ORD-000546,2026-06-25,PRD-0030,182,3,On Time
ORD-000547,2026-03-01,PRD-0004,122,5,On Time
ORD-000548,2026-02-24,PRD-0045,23,31,Late
ORD-000549,2025-09-27,PRD-0033,46,3,On Time
ORD-000550,2025-08-28,PRD-0033,190,6,On Time
ORD-000551,2026-01-12,PRD-0023,24,21,On Time
ORD-000552,2026-08-19,PRD-0032,149,27,Late
ORD-000553,2026-07-20,PRD-0007,87,2,On Time
ORD-000554,2026-04-06,PRD-0038,93,30,Late
ORD-000555,2026-04-07,PRD-0004,238,8,Late
ORD-000556,2026-01-09,PRD-0038,151,32,Late
ORD-000557,2025-10-23,PRD-0045,154,27,On Time
ORD-000558,2025-08-23,PRD-0025,88,15,Cancelled
ORD-000559,2025-12-21,PRD-0028,95,30,Late
ORD-000560,2025-12-13,PRD-0019,171,7,On Time
ORD-000561,2025-10-28,PRD-0049,10,33,Late
ORD-000562,2025-11-22,PRD-0038,60,29,Late
ORD-000563,2025-08-29,PRD-0022,150,12,On Time
ORD-000564,2026-03-29,PRD-0009,156,15,On Time
ORD-000565,2026-07-24,PRD-0011,23,18,On Time
ORD-000566,2026-04-29,PRD-0025,197,12,On Time
ORD-000567,2026-01-30,PRD-0049,136,29,Late
ORD-000568,2026-01-20,PRD-0038,60,31,Late
ORD-000569,2025-12-10,PRD-0011,188,23,Late
ORD-000570,2025-10-10,PRD-0045,247,32,Late
ORD-000571,2026-03-26,PRD-0022,106,16,Late
ORD-000572,2026-03-14,PRD-0045,71,26,On Time
ORD-000573,2025-08-22,PRD-0013,75,13,On Time
ORD-000574,2026-01-18,PRD-0033,148,8,Late
ORD-000575,2025-11-29,PRD-0048,12,21,On Time
ORD-000576,2025-10-21,PRD-0014,121,7,On Time
ORD-000577,2026-05-03,PRD-0037,7,7,Late
ORD-000578,2026-02-27,PRD-0050,10,20,On Time
ORD-000579,2026-04-08,PRD-0007,108,6,On Time
ORD-000580,2026-05-07,PRD-0004,186,10,Late
ORD-000581,2026-08-13,PRD-0036,220,21,On Time
ORD-000582,2026-06-09,PRD-0020,22,8,Late
ORD-000583,2026-04-03,PRD-0003,61,22,Late
ORD-000584,2026-07-06,PRD-0025,105,12,On Time
ORD-000585,2026-02-10,PRD-0038,143,28,On Time
ORD-000586,2026-08-14,PRD-0017,246,30,Late
ORD-000587,2026-05-24,PRD-0020,171,4,On Time
ORD-000588,2026-04-14,PRD-0044,135,28,Late
ORD-000589,2026-07-15,PRD-0028,16,31,Late
ORD-000590,2026-02-24,PRD-0044,21,29,Late
ORD-000591,2026-05-10,PRD-0024,39,27,Late
ORD-000592,2025-12-01,PRD-0049,165,28,On Time
ORD-000593,2026-08-06,PRD-0034,83,17,On Time
ORD-000594,2026-04-04,PRD-0005,60,6,On Time
ORD-000595,2026-06-01,PRD-0046,167,32,Late
ORD-000596,2026-02-04,PRD-0026,204,15,On Time
ORD-000597,2026-07-02,PRD-0007,110,10,Late
ORD-000598,2025-09-16,PRD-0007,220,8,Late
ORD-000599,2025-09-30,PRD-0037,183,8,Late
ORD-000600,2026-02-21,PRD-0002,179,20,On Time
ORD-000601,2026-05-14,PRD-0017,217,28,On Time
ORD-000602,2026-06-11,PRD-0007,46,5,On Time
ORD-000603,2026-01-27,PRD-0024,189,27,Late
ORD-000604,2026-04-14,PRD-0023,239,23,Late
ORD-000605,2026-03-09,PRD-0028,248,31,Late
ORD-000606,2026-08-05,PRD-0017,144,27,On Time
ORD-000607,2026-04-15,PRD-0001,188,18,Late
ORD-000608,2026-01-19,PRD-0033,222,6,On Time
ORD-000609,2026-08-08,PRD-0022,213,12,On Time
ORD-000610,2025-09-28,PRD-0034,224,22,On Time
ORD-000611,2026-08-14,PRD-0004,208,7,Late
ORD-000612,2025-10-15,PRD-0001,95,17,Late
ORD-000613,2025-12-03,PRD-0013,182,14,On Time
ORD-000614,2026-06-15,PRD-0025,103,17,Cancelled
ORD-000615,2026-05-14,PRD-0023,200,22,On Time
ORD-000616,2026-08-09,PRD-0042,202,27,Late
ORD-000617,2026-05-20,PRD-0022,233,12,On Time
ORD-000618,2026-04-09,PRD-0029,147,28,Late
ORD-000619,2025-12-24,PRD-0033,119,8,Late
ORD-000620,2025-08-21,PRD-0001,42,16,Late
ORD-000621,2025-10-04,PRD-0028,159,34,Late
ORD-000622,2025-12-06,PRD-0021,142,24,Late
ORD-000623,2025-09-03,PRD-0023,129,23,Late
ORD-000624,2026-02-21,PRD-0004,169,5,On Time
ORD-000625,2026-05-30,PRD-0041,212,18,Late
ORD-000626,2026-08-06,PRD-0049,38,31,Late
ORD-000627,2026-02-14,PRD-0001,108,14,On Time
ORD-000628,2026-07-05,PRD-0033,180,4,On Time
ORD-000629,2026-08-14,PRD-0040,205,29,Late
ORD-000630,2026-06-29,PRD-0017,194,26,On Time
ORD-000631,2026-02-05,PRD-0041,200,16,Late
ORD-000632,2025-12-16,PRD-0034,213,20,On Time
ORD-000633,2026-08-11,PRD-0048,240,22,On Time
ORD-000634,2025-11-16,PRD-0050,152,19,On Time
ORD-000635,2026-01-17,PRD-0002,62,21,On Time
ORD-000636,2025-09-16,PRD-0024,141,27,Late
ORD-000637,2026-06-05,PRD-0030,177,6,On Time
ORD-000638,2026-04-14,PRD-0007,26,9,Late
ORD-000639,2025-09-19,PRD-0020,189,8,Late
ORD-000640,2025-11-09,PRD-0050,136,22,Late
ORD-000641,2026-03-10,PRD-0001,234,15,On Time
ORD-000642,2026-03-05,PRD-0024,53,31,Late
ORD-000643,2026-06-08,PRD-0044,226,31,Late
ORD-000644,2025-11-25,PRD-0019,112,6,On Time
ORD-000645,2026-07-23,PRD-0025,143,15,On Time
ORD-000646,2026-01-29,PRD-0050,165,17,On Time
ORD-000647,2026-06-16,PRD-0025,145,18,Late
ORD-000648,2025-11-15,PRD-0007,226,9,Late
ORD-000649,2025-09-02,PRD-0002,42,22,On Time
ORD-000650,2025-09-09,PRD-0049,182,26,On Time
ORD-000651,2026-01-03,PRD-0015,243,27,On Time
ORD-000652,2026-08-02,PRD-0028,55,30,Late
ORD-000653,2025-09-06,PRD-0004,64,6,On Time
ORD-000654,2026-01-01,PRD-0023,119,23,Late
ORD-000655,2025-09-28,PRD-0048,181,22,On Time
ORD-000656,2026-07-26,PRD-0028,239,28,On Time
ORD-000657,2026-04-23,PRD-0049,199,29,Late
ORD-000658,2026-05-25,PRD-0014,198,8,On Time
ORD-000659,2026-05-07,PRD-0028,110,29,Late
ORD-000660,2026-04-16,PRD-0045,161,28,On Time
ORD-000661,2026-05-29,PRD-0024,53,28,Late
ORD-000662,2025-08-22,PRD-0017,116,29,Late
ORD-000663,2026-07-01,PRD-0045,48,30,Late
ORD-000664,2026-05-17,PRD-0023,7,19,Cancelled
ORD-000665,2026-05-16,PRD-0029,214,28,Late
ORD-000666,2026-01-10,PRD-0050,201,15,On Time
ORD-000667,2026-06-08,PRD-0009,128,14,On Time
ORD-000668,2026-01-06,PRD-0019,4,7,On Time
ORD-000669,2025-09-06,PRD-0001,23,15,On Time
ORD-000670,2026-07-17,PRD-0023,28,23,Late
ORD-000671,2025-11-13,PRD-0010,179,24,Late
ORD-000672,2025-09-26,PRD-0036,51,20,On Time
ORD-000673,2026-04-03,PRD-0009,63,16,Late
ORD-000674,2025-11-13,PRD-0036,215,22,On Time
ORD-000675,2026-06-29,PRD-0015,219,23,On Time
ORD-000676,2026-01-28,PRD-0021,191,25,Late
ORD-000677,2025-08-21,PRD-0021,78,19,On Time
ORD-000678,2026-08-02,PRD-0038,145,32,Late
ORD-000679,2026-02-23,PRD-0025,50,16,Late
ORD-000680,2025-11-23,PRD-0021,214,22,On Time
ORD-000681,2026-04-24,PRD-0045,22,30,Late
ORD-000682,2026-03-01,PRD-0032,186,32,Late
ORD-000683,2025-08-30,PRD-0010,128,19,On Time
ORD-000684,2026-05-24,PRD-0047,189,26,On Time
ORD-000685,2026-01-13,PRD-0021,113,21,On Time
ORD-000686,2026-05-02,PRD-0002,40,20,On Time
ORD-000687,2026-07-12,PRD-0026,188,16,Late
ORD-000688,2026-03-30,PRD-0005,158,8,Late
ORD-000689,2026-04-22,PRD-0013,116,14,On Time
ORD-000690,2025-11-20,PRD-0038,93,32,Late
ORD-000691,2025-11-14,PRD-0007,86,5,On Time
ORD-000692,2026-01-18,PRD-0042,120,27,Late
ORD-000693,2026-06-27,PRD-0049,66,31,Late
ORD-000694,2026-02-27,PRD-0033,71,6,On Time
ORD-000695,2025-12-25,PRD-0038,70,28,On Time
ORD-000696,2026-05-31,PRD-0038,4,32,Late
ORD-000697,2026-06-27,PRD-0050,232,21,On Time
ORD-000698,2026-07-15,PRD-0021,59,18,On Time
ORD-000699,2025-12-07,PRD-0008,42,25,On Time
ORD-000700,2026-05-06,PRD-0028,38,31,Late
ORD-000701,2026-03-23,PRD-0030,247,5,On Time
ORD-000702,2026-01-30,PRD-0009,119,16,Cancelled
ORD-000703,2026-01-11,PRD-0033,82,8,Late
ORD-000704,2025-09-30,PRD-0001,101,12,On Time
ORD-000705,2025-11-28,PRD-0048,23,18,On Time
ORD-000706,2026-03-08,PRD-0015,79,29,Late
ORD-000707,2026-07-09,PRD-0002,62,23,Late
ORD-000708,2026-07-02,PRD-0004,201,6,On Time
ORD-000709,2025-10-27,PRD-0013,15,13,On Time
ORD-000710,2026-04-24,PRD-0017,106,28,On Time
ORD-000711,2025-09-19,PRD-0001,197,13,On Time
ORD-000712,2026-04-23,PRD-0017,208,33,Late
ORD-000713,2025-12-22,PRD-0010,128,20,On Time
ORD-000714,2026-01-31,PRD-0022,56,17,Late
ORD-000715,2026-05-08,PRD-0022,84,14,On Time
ORD-000716,2026-01-22,PRD-0020,56,4,On Time
ORD-000717,2026-06-10,PRD-0019,165,7,On Time
ORD-000718,2026-03-02,PRD-0004,73,1,On Time
ORD-000719,2026-08-19,PRD-0001,158,15,On Time
ORD-000720,2026-04-09,PRD-0010,164,21,On Time
ORD-000721,2025-12-06,PRD-0039,235,16,Late
ORD-000722,2026-05-29,PRD-0050,93,17,On Time
ORD-000723,2026-01-15,PRD-0048,240,24,Late
ORD-000724,2026-03-02,PRD-0028,100,33,Late
ORD-000725,2025-10-08,PRD-0030,170,9,Late
ORD-000726,2025-10-02,PRD-0019,165,8,On Time
ORD-000727,2026-03-17,PRD-0040,204,34,Late
ORD-000728,2025-10-27,PRD-0040,117,28,On Time
ORD-000729,2026-08-19,PRD-0044,198,30,Late
ORD-000730,2026-06-28,PRD-0047,89,25,On Time
ORD-000731,2026-05-02,PRD-0024,123,24,On Time
ORD-000732,2026-05-15,PRD-0040,125,26,On Time
ORD-000733,2026-03-25,PRD-0042,176,30,Late
ORD-000734,2025-09-11,PRD-0019,154,6,Cancelled
ORD-000735,2026-01-10,PRD-0048,20,22,On Time
ORD-000736,2026-02-16,PRD-0004,202,3,On Time
ORD-000737,2026-07-20,PRD-0050,189,16,On Time
ORD-000738,2025-11-08,PRD-0040,27,32,Late
ORD-000739,2026-02-17,PRD-0004,240,8,Late
ORD-000740,2025-12-23,PRD-0035,165,13,On Time
ORD-000741,2025-10-08,PRD-0001,22,15,On Time
ORD-000742,2025-09-26,PRD-0040,123,33,Late
ORD-000743,2025-12-31,PRD-0042,209,29,Late
ORD-000744,2025-09-19,PRD-0033,70,7,Cancelled
ORD-000745,2025-09-13,PRD-0045,233,31,Late
ORD-000746,2025-12-26,PRD-0004,105,5,On Time
ORD-000747,2025-11-01,PRD-0017,57,31,Late
ORD-000748,2026-03-10,PRD-0023,89,21,On Time
ORD-000749,2025-08-26,PRD-0002,131,21,On Time
ORD-000750,2025-12-08,PRD-0024,172,26,On Time
ORD-000751,2026-02-01,PRD-0015,232,26,On Time
ORD-000752,2026-08-06,PRD-0023,49,22,On Time
ORD-000753,2026-04-08,PRD-0023,240,19,On Time
ORD-000754,2026-07-07,PRD-0046,132,33,Late
ORD-000755,2025-12-23,PRD-0017,32,27,On Time
ORD-000756,2026-01-31,PRD-0047,231,26,On Time
ORD-000757,2026-01-20,PRD-0023,87,21,On Time
ORD-000758,2026-07-09,PRD-0019,155,9,On Time
ORD-000759,2026-08-05,PRD-0028,174,28,On Time
ORD-000760,2026-08-06,PRD-0023,4,23,Late
ORD-000761,2026-05-21,PRD-0014,56,7,On Time
ORD-000762,2026-02-19,PRD-0028,171,31,Late
ORD-000763,2026-03-05,PRD-0007,81,4,On Time
ORD-000764,2026-08-12,PRD-0021,3,22,On Time
ORD-000765,2025-12-01,PRD-0032,6,33,Late
ORD-000766,2025-12-24,PRD-0023,206,21,On Time
ORD-000767,2026-07-13,PRD-0043,39,33,Late
ORD-000768,2026-01-08,PRD-0014,26,8,On Time
ORD-000769,2025-11-13,PRD-0049,141,33,Late
ORD-000770,2026-03-12,PRD-0041,30,15,On Time
ORD-000771,2025-12-16,PRD-0049,163,31,Late
ORD-000772,2026-07-11,PRD-0043,136,30,Cancelled
ORD-000773,2026-07-17,PRD-0007,162,4,On Time
ORD-000774,2025-12-09,PRD-0028,123,29,Late
ORD-000775,2026-03-01,PRD-0008,194,33,Late
ORD-000776,2026-08-14,PRD-0043,161,31,Late
ORD-000777,2026-05-17,PRD-0033,104,7,Late
ORD-000778,2025-11-06,PRD-0015,4,29,Late
ORD-000779,2026-03-23,PRD-0048,69,20,On Time
ORD-000780,2026-04-03,PRD-0004,33,5,On Time
ORD-000781,2026-04-15,PRD-0032,4,25,On Time
ORD-000782,2025-08-29,PRD-0038,69,36,Late
ORD-000783,2025-12-07,PRD-0003,52,21,On Time
ORD-000784,2026-06-27,PRD-0033,20,7,Late
ORD-000785,2025-11-16,PRD-0042,78,24,On Time
ORD-000786,2025-12-07,PRD-0003,127,21,On Time
ORD-000787,2025-12-15,PRD-0028,45,33,Late
ORD-000788,2025-10-23,PRD-0014,69,8,On Time
ORD-000789,2025-10-15,PRD-0035,6,17,Late
ORD-000790,2025-12-24,PRD-0005,13,11,Late
ORD-000791,2026-07-05,PRD-0049,40,30,Late
ORD-000792,2025-08-20,PRD-0047,113,24,On Time
ORD-000793,2025-12-01,PRD-0009,166,13,On Time
ORD-000794,2025-09-11,PRD-0019,197,11,Late
ORD-000795,2026-03-12,PRD-0033,157,8,Late
ORD-000796,2025-11-19,PRD-0038,154,29,Late
ORD-000797,2026-06-05,PRD-0024,233,29,Late
ORD-000798,2026-03-21,PRD-0008,64,30,Late
ORD-000799,2026-06-02,PRD-0004,199,8,Late
ORD-000800,2026-04-08,PRD-0050,234,20,On Time
ORD-000801,2026-01-27,PRD-0025,142,15,On Time
ORD-000802,2026-06-30,PRD-0046,210,29,Late
ORD-000803,2026-02-09,PRD-0025,35,14,On Time
ORD-000804,2026-08-01,PRD-0048,219,21,On Time
ORD-000805,2026-08-18,PRD-0004,141,7,Late
ORD-000806,2026-03-22,PRD-0004,56,8,Late
ORD-000807,2026-04-23,PRD-0048,16,25,Late
ORD-000808,2025-11-21,PRD-0049,180,32,Late
ORD-000809,2026-06-13,PRD-0019,108,10,Late
ORD-000810,2026-04-22,PRD-0021,78,21,On Time
ORD-000811,2026-07-15,PRD-0024,98,25,On Time
ORD-000812,2025-11-25,PRD-0023,247,23,Late
ORD-000813,2026-06-03,PRD-0010,107,22,On Time
ORD-000814,2026-02-07,PRD-0047,20,23,On Time
ORD-000815,2025-10-26,PRD-0014,70,7,On Time
ORD-000816,2025-10-21,PRD-0038,37,31,Late
ORD-000817,2026-03-13,PRD-0003,171,19,On Time
ORD-000818,2025-12-14,PRD-0002,200,25,Late
ORD-000819,2025-09-26,PRD-0035,210,16,Late
ORD-000820,2026-01-22,PRD-0020,158,9,Late
ORD-000821,2026-04-15,PRD-0035,192,15,On Time
ORD-000822,2025-12-14,PRD-0004,104,7,Late
ORD-000823,2026-08-03,PRD-0049,157,27,On Time
ORD-000824,2026-05-31,PRD-0038,27,31,Late
ORD-000825,2026-02-23,PRD-0046,135,32,Late
ORD-000826,2026-07-27,PRD-0007,139,3,On Time
ORD-000827,2026-01-25,PRD-0019,8,7,On Time
ORD-000828,2025-10-09,PRD-0022,137,15,On Time
ORD-000829,2025-09-02,PRD-0030,181,7,Late
ORD-000830,2026-07-28,PRD-0019,92,9,On Time
ORD-000831,2026-08-05,PRD-0003,136,20,On Time
ORD-000832,2026-05-16,PRD-0022,72,16,Late
ORD-000833,2025-09-26,PRD-0014,68,8,On Time
ORD-000834,2025-12-05,PRD-0022,33,9,Cancelled
ORD-000835,2025-09-03,PRD-0010,82,21,On Time
ORD-000836,2025-09-07,PRD-0015,200,28,Late
ORD-000837,2025-11-17,PRD-0033,233,3,On Time
ORD-000838,2026-03-16,PRD-0023,159,22,On Time
ORD-000839,2025-09-12,PRD-0021,156,25,Late
ORD-000840,2026-08-14,PRD-0030,153,5,On Time
ORD-000841,2026-02-02,PRD-0040,119,29,Late
ORD-000842,2025-11-24,PRD-0022,106,12,On Time
ORD-000843,2026-02-24,PRD-0033,155,10,Late
ORD-000844,2026-06-04,PRD-0049,196,29,Late
ORD-000845,2025-12-12,PRD-0028,104,29,Late
ORD-000846,2025-09-06,PRD-0047,141,29,Late
ORD-000847,2025-09-07,PRD-0041,118,16,Late
ORD-000848,2026-06-26,PRD-0003,72,19,On Time
ORD-000849,2025-09-29,PRD-0023,73,20,On Time
ORD-000850,2026-04-08,PRD-0038,20,29,Late
ORD-000851,2026-01-07,PRD-0050,110,19,On Time
ORD-000852,2026-05-30,PRD-0025,178,11,On Time
ORD-000853,2025-09-11,PRD-0004,171,7,Late
ORD-000854,2026-07-13,PRD-0032,246,26,On Time
ORD-000855,2026-05-01,PRD-0005,10,9,Late
ORD-000856,2026-01-30,PRD-0038,190,33,Late
ORD-000857,2025-11-03,PRD-0028,198,28,On Time
ORD-000858,2026-08-11,PRD-0038,109,28,On Time
ORD-000859,2025-12-08,PRD-0046,71,26,On Time
ORD-000860,2026-02-15,PRD-0034,89,19,On Time
ORD-000861,2026-01-10,PRD-0033,170,9,Late
ORD-000862,2025-11-12,PRD-0038,215,34,Late
ORD-000863,2026-01-19,PRD-0044,161,30,Late
ORD-000864,2025-10-14,PRD-0046,129,30,Late
ORD-000865,2025-08-20,PRD-0001,163,15,On Time
ORD-000866,2025-12-03,PRD-0031,18,27,Late
ORD-000867,2025-09-29,PRD-0011,152,25,Late
ORD-000868,2026-01-18,PRD-0045,11,28,On Time
ORD-000869,2026-06-30,PRD-0034,239,26,Late
ORD-000870,2025-10-18,PRD-0023,222,24,Late
ORD-000871,2025-08-20,PRD-0010,127,18,Cancelled
ORD-000872,2025-09-29,PRD-0020,94,6,On Time
ORD-000873,2026-02-21,PRD-0038,183,27,On Time
ORD-000874,2025-11-28,PRD-0010,159,21,On Time
ORD-000875,2026-02-14,PRD-0004,176,6,On Time
ORD-000876,2025-08-30,PRD-0046,129,36,Late
ORD-000877,2025-12-19,PRD-0040,59,28,On Time
ORD-000878,2026-01-16,PRD-0010,19,22,On Time
ORD-000879,2026-01-24,PRD-0017,71,30,Cancelled
ORD-000880,2026-03-09,PRD-0050,132,20,On Time
ORD-000881,2026-05-31,PRD-0038,106,29,Late
ORD-000882,2026-02-06,PRD-0033,127,5,On Time
ORD-000883,2026-06-23,PRD-0019,70,8,On Time
ORD-000884,2026-03-01,PRD-0019,234,9,On Time
ORD-000885,2025-11-23,PRD-0002,92,22,On Time
ORD-000886,2025-11-11,PRD-0038,211,32,Late
ORD-000887,2025-12-15,PRD-0002,98,24,Late
ORD-000888,2026-03-26,PRD-0001,111,17,Late
ORD-000889,2025-11-16,PRD-0038,151,31,Late
ORD-000890,2026-07-19,PRD-0049,66,28,On Time
ORD-000891,2026-02-11,PRD-0039,55,14,On Time
ORD-000892,2026-07-01,PRD-0025,95,15,On Time
ORD-000893,2026-04-26,PRD-0025,201,16,Late
ORD-000894,2025-12-19,PRD-0024,37,26,On Time
ORD-000895,2025-11-11,PRD-0019,109,6,On Time
ORD-000896,2026-05-18,PRD-0028,168,26,On Time
ORD-000897,2025-12-18,PRD-0023,176,18,On Time
ORD-000898,2025-11-18,PRD-0033,109,6,On Time
ORD-000899,2026-07-25,PRD-0047,21,23,On Time
ORD-000900,2026-02-12,PRD-0050,4,19,On Time
ORD-000901,2025-09-06,PRD-0004,118,6,On Time
ORD-000902,2026-02-16,PRD-0022,202,12,On Time
ORD-000903,2026-02-04,PRD-0009,8,16,Late
ORD-000904,2026-07-01,PRD-0021,221,23,Late
ORD-000905,2026-05-06,PRD-0017,169,28,On Time
ORD-000906,2025-10-28,PRD-0009,3,14,On Time
ORD-000907,2025-10-13,PRD-0040,86,33,Late
ORD-000908,2026-03-28,PRD-0027,55,26,On Time
ORD-000909,2025-09-06,PRD-0048,237,20,On Time
ORD-000910,2025-12-14,PRD-0001,139,17,Late
ORD-000911,2025-10-09,PRD-0003,81,22,Late
ORD-000912,2025-08-27,PRD-0023,70,23,Late
ORD-000913,2026-07-21,PRD-0004,141,7,Late
ORD-000914,2025-09-21,PRD-0015,2,22,On Time
ORD-000915,2025-08-23,PRD-0050,65,24,Late
ORD-000916,2026-07-26,PRD-0010,42,22,On Time
ORD-000917,2025-10-27,PRD-0010,155,23,Late
ORD-000918,2026-06-14,PRD-0032,167,27,Late
ORD-000919,2025-08-31,PRD-0027,117,27,Cancelled
ORD-000920,2025-10-15,PRD-0033,35,5,On Time
ORD-000921,2025-09-29,PRD-0022,93,15,On Time
ORD-000922,2026-05-04,PRD-0043,210,28,On Time
ORD-000923,2026-04-03,PRD-0007,51,7,Late
ORD-000924,2026-02-09,PRD-0023,41,19,On Time
ORD-000925,2025-11-16,PRD-0037,28,6,On Time
ORD-000926,2025-09-21,PRD-0046,204,34,Late
ORD-000927,2026-03-15,PRD-0022,30,14,On Time
ORD-000928,2025-11-12,PRD-0032,145,30,Late
ORD-000929,2026-03-23,PRD-0003,249,19,On Time
ORD-000930,2026-04-27,PRD-0008,160,31,Late
ORD-000931,2026-06-26,PRD-0003,103,19,On Time
ORD-000932,2026-02-16,PRD-0038,52,29,Late
ORD-000933,2025-08-21,PRD-0017,1,32,Late
ORD-000934,2025-11-30,PRD-0038,39,29,Late
ORD-000935,2026-06-27,PRD-0003,238,22,Late
ORD-000936,2026-03-02,PRD-0046,36,34,Late
ORD-000937,2026-04-02,PRD-0043,5,33,Late
ORD-000938,2026-02-03,PRD-0004,204,7,Late
ORD-000939,2025-10-18,PRD-0001,105,21,Late
ORD-000940,2026-07-13,PRD-0002,89,24,Late
ORD-000941,2026-05-29,PRD-0045,179,32,Late
ORD-000942,2026-08-18,PRD-0013,131,13,On Time
ORD-000943,2026-06-28,PRD-0030,228,6,On Time
ORD-000944,2025-12-04,PRD-0023,117,25,Late
ORD-000945,2025-11-20,PRD-0041,178,18,Late
ORD-000946,2025-11-18,PRD-0026,219,17,Late
ORD-000947,2026-07-21,PRD-0028,116,33,Late
ORD-000948,2026-03-11,PRD-0050,71,18,On Time
ORD-000949,2026-02-01,PRD-0007,243,6,On Time
ORD-000950,2026-08-08,PRD-0043,57,26,On Time
ORD-000951,2026-03-28,PRD-0002,10,18,On Time
ORD-000952,2026-07-17,PRD-0025,144,15,On Time
ORD-000953,2026-08-14,PRD-0046,246,31,Late
ORD-000954,2025-09-17,PRD-0036,22,24,Late
ORD-000955,2025-12-29,PRD-0037,212,7,Late
ORD-000956,2026-05-14,PRD-0015,207,27,On Time
ORD-000957,2026-06-12,PRD-0023,232,19,On Time
ORD-000958,2025-10-13,PRD-0022,105,15,On Time
ORD-000959,2025-12-14,PRD-0028,64,29,Late
ORD-000960,2026-03-08,PRD-0025,128,11,On Time
ORD-000961,2026-06-07,PRD-0019,36,10,Late
ORD-000962,2025-09-30,PRD-0019,210,7,On Time
ORD-000963,2026-03-27,PRD-0013,166,16,Late
ORD-000964,2025-12-06,PRD-0021,121,23,Late
ORD-000965,2025-11-06,PRD-0007,129,4,On Time
ORD-000966,2026-02-24,PRD-0046,178,30,Late
ORD-000967,2026-01-18,PRD-0033,131,5,On Time
ORD-000968,2026-04-09,PRD-0007,210,2,On Time
ORD-000969,2025-12-13,PRD-0037,231,7,Late
ORD-000970,2026-06-16,PRD-0044,237,29,Late
ORD-000971,2025-09-17,PRD-0013,155,14,On Time
ORD-000972,2026-06-30,PRD-0007,185,9,Late
ORD-000973,2025-08-30,PRD-0001,78,11,On Time
ORD-000974,2026-05-15,PRD-0002,10,22,On Time
ORD-000975,2025-12-24,PRD-0039,100,13,On Time
ORD-000976,2026-01-06,PRD-0050,218,23,Late
ORD-000977,2025-08-26,PRD-0002,34,22,On Time
ORD-000978,2026-05-03,PRD-0038,136,31,Late
ORD-000979,2025-10-19,PRD-0003,48,19,On Time
ORD-000980,2026-04-17,PRD-0033,107,4,On Time
ORD-000981,2026-05-11,PRD-0039,36,17,Late
ORD-000982,2026-06-24,PRD-0021,183,25,Late
ORD-000983,2026-05-05,PRD-0001,202,16,Late
ORD-000984,2025-12-08,PRD-0033,189,5,On Time
ORD-000985,2026-05-16,PRD-0050,176,21,On Time
ORD-000986,2026-06-17,PRD-0014,59,13,Late
ORD-000987,2025-12-13,PRD-0010,133,22,On Time
ORD-000988,2025-10-04,PRD-0005,27,9,Late
ORD-000989,2026-07-10,PRD-0030,94,5,On Time
ORD-000990,2025-10-12,PRD-0033,126,6,On Time
ORD-000991,2026-03-24,PRD-0041,167,16,Cancelled
ORD-000992,2025-11-14,PRD-0038,25,29,Late
ORD-000993,2025-10-04,PRD-0047,203,25,On Time
ORD-000994,2026-05-30,PRD-0042,115,28,Late
ORD-000995,2025-10-11,PRD-0013,220,16,Late
ORD-000996,2026-04-21,PRD-0030,132,8,Late
ORD-000997,2026-04-29,PRD-0019,137,11,Late
ORD-000998,2025-09-10,PRD-0020,173,10,Late
ORD-000999,2025-10-22,PRD-0048,205,22,On Time
ORD-001000,2026-06-05,PRD-0036,40,21,On Time
ORD-001001,2026-02-21,PRD-0050,128,24,Late
ORD-001002,2025-10-03,PRD-0023,8,23,Cancelled
ORD-001003,2026-08-16,PRD-0030,119,4,On Time
ORD-001004,2025-11-24,PRD-0026,203,12,On Time
ORD-001005,2025-08-21,PRD-0004,216,7,Late
ORD-001006,2026-07-23,PRD-0013,71,14,On Time
ORD-001007,2025-08-26,PRD-0028,97,29,Late
ORD-001008,2026-03-09,PRD-0003,138,23,Late
ORD-001009,2026-08-17,PRD-0048,99,23,Late
ORD-001010,2026-03-18,PRD-0005,45,9,Late
ORD-001011,2026-03-21,PRD-0010,76,18,On Time
ORD-001012,2026-01-08,PRD-0040,101,31,Late
ORD-001013,2025-10-05,PRD-0004,130,8,Late
ORD-001014,2026-03-17,PRD-0047,230,23,On Time
ORD-001015,2026-07-13,PRD-0038,136,30,Late
ORD-001016,2025-09-22,PRD-0003,97,19,On Time
ORD-001017,2026-07-07,PRD-0037,165,5,On Time
ORD-001018,2026-01-18,PRD-0034,193,25,Late
ORD-001019,2026-03-03,PRD-0039,108,18,Late
ORD-001020,2025-10-19,PRD-0043,122,31,Late
ORD-001021,2026-04-03,PRD-0038,55,33,Late
ORD-001022,2025-10-25,PRD-0033,216,8,Late
ORD-001023,2025-11-27,PRD-0019,216,9,On Time
ORD-001024,2026-05-10,PRD-0038,44,33,Late
ORD-001025,2025-09-07,PRD-0049,87,32,Late
ORD-001026,2026-01-30,PRD-0033,68,9,Late
ORD-001027,2026-03-25,PRD-0036,230,24,Late
ORD-001028,2025-10-07,PRD-0024,17,27,Late
ORD-001029,2025-12-05,PRD-0039,52,16,Late
ORD-001030,2025-12-23,PRD-0050,79,23,Late
ORD-001031,2026-04-19,PRD-0008,140,32,Late
ORD-001032,2026-08-11,PRD-0010,62,24,Late
ORD-001033,2026-06-21,PRD-0030,134,7,Late
ORD-001034,2025-10-28,PRD-0025,187,15,On Time
ORD-001035,2025-08-26,PRD-0032,207,29,Late
ORD-001036,2025-09-07,PRD-0002,25,18,On Time
ORD-001037,2026-03-25,PRD-0023,35,22,On Time
ORD-001038,2025-10-16,PRD-0033,24,5,On Time
ORD-001039,2025-11-12,PRD-0033,227,4,On Time
ORD-001040,2026-06-25,PRD-0035,163,18,Late
ORD-001041,2026-07-04,PRD-0038,133,31,Late
ORD-001042,2026-06-22,PRD-0034,197,21,On Time
ORD-001043,2025-11-20,PRD-0041,146,14,On Time
ORD-001044,2026-04-03,PRD-0033,59,7,Late
ORD-001045,2026-03-30,PRD-0030,128,8,Late
ORD-001046,2025-10-26,PRD-0033,176,5,On Time
ORD-001047,2026-03-10,PRD-0004,9,6,On Time
ORD-001048,2026-02-27,PRD-0017,151,31,Late
ORD-001049,2026-01-11,PRD-0028,124,24,On Time
ORD-001050,2026-05-21,PRD-0046,18,28,On Time
ORD-001051,2026-04-24,PRD-0036,66,21,On Time
ORD-001052,2026-03-02,PRD-0004,112,6,On Time
ORD-001053,2026-05-11,PRD-0033,86,5,On Time
ORD-001054,2026-05-25,PRD-0011,73,21,On Time
ORD-001055,2026-03-14,PRD-0038,162,33,Late
ORD-001056,2025-11-25,PRD-0043,101,31,Late
ORD-001057,2026-05-23,PRD-0033,124,7,Late
ORD-001058,2026-05-08,PRD-0033,199,10,Late
ORD-001059,2026-08-13,PRD-0020,24,5,On Time
ORD-001060,2025-10-13,PRD-0024,90,30,Late
ORD-001061,2026-01-20,PRD-0046,19,28,On Time
ORD-001062,2026-07-23,PRD-0038,231,33,Late
ORD-001063,2026-02-23,PRD-0028,47,30,Late
ORD-001064,2026-07-30,PRD-0022,205,15,On Time
ORD-001065,2025-08-24,PRD-0002,48,22,On Time
ORD-001066,2025-09-01,PRD-0007,81,4,On Time
ORD-001067,2026-06-06,PRD-0010,152,22,On Time
ORD-001068,2025-12-28,PRD-0022,208,16,Late
ORD-001069,2026-02-25,PRD-0049,45,29,Late
ORD-001070,2026-01-23,PRD-0028,54,32,Late
ORD-001071,2026-01-15,PRD-0013,220,14,On Time
ORD-001072,2026-07-28,PRD-0004,81,8,Late
ORD-001073,2025-09-23,PRD-0020,53,9,Late
ORD-001074,2026-05-28,PRD-0042,186,27,Late
ORD-001075,2026-07-10,PRD-0022,23,13,On Time
ORD-001076,2026-04-16,PRD-0040,216,31,Late
ORD-001077,2026-01-11,PRD-0042,219,29,Late
ORD-001078,2025-10-17,PRD-0004,214,8,Late
ORD-001079,2026-04-26,PRD-0033,74,3,On Time
ORD-001080,2026-02-07,PRD-0049,29,31,Late
ORD-001081,2025-10-13,PRD-0023,106,20,On Time
ORD-001082,2025-12-29,PRD-0002,84,21,On Time
ORD-001083,2026-08-05,PRD-0048,239,25,Late
ORD-001084,2025-11-24,PRD-0046,158,28,On Time
ORD-001085,2025-10-24,PRD-0028,236,29,Cancelled
ORD-001086,2026-04-25,PRD-0030,187,4,On Time
ORD-001087,2025-10-31,PRD-0010,179,22,On Time
ORD-001088,2026-07-21,PRD-0043,28,33,Late
ORD-001089,2026-06-29,PRD-0027,18,31,Late
ORD-001090,2026-08-13,PRD-0001,12,18,Late
ORD-001091,2026-07-19,PRD-0036,148,18,On Time
ORD-001092,2025-11-16,PRD-0049,51,31,Late
ORD-001093,2025-11-05,PRD-0043,247,29,Late
ORD-001094,2025-12-23,PRD-0017,34,31,Late
ORD-001095,2026-02-07,PRD-0002,236,19,On Time
ORD-001096,2026-07-07,PRD-0049,167,28,On Time
ORD-001097,2026-05-14,PRD-0049,27,31,Late
ORD-001098,2026-04-12,PRD-0030,15,9,Late
ORD-001099,2026-07-06,PRD-0034,99,19,On Time
ORD-001100,2026-04-12,PRD-0025,85,15,On Time
ORD-001101,2026-01-05,PRD-0023,79,20,On Time
ORD-001102,2026-01-17,PRD-0005,132,7,Late
ORD-001103,2026-02-24,PRD-0004,33,8,Late
ORD-001104,2025-09-21,PRD-0013,33,17,Late
ORD-001105,2026-05-17,PRD-0043,174,31,Late
ORD-001106,2026-04-15,PRD-0007,247,7,Late
ORD-001107,2026-05-13,PRD-0013,69,17,Late
ORD-001108,2026-03-02,PRD-0030,233,2,On Time
ORD-001109,2026-06-01,PRD-0011,86,22,Late
ORD-001110,2026-08-01,PRD-0008,84,31,Late
ORD-001111,2026-03-16,PRD-0032,23,29,Late
ORD-001112,2026-01-29,PRD-0022,106,12,On Time
ORD-001113,2025-09-27,PRD-0033,124,9,Late
ORD-001114,2026-05-31,PRD-0047,166,24,On Time
ORD-001115,2026-07-15,PRD-0007,40,5,On Time
ORD-001116,2026-05-02,PRD-0047,47,26,On Time
ORD-001117,2026-07-01,PRD-0047,108,28,Late
ORD-001118,2026-06-30,PRD-0043,18,30,Late
ORD-001119,2026-06-07,PRD-0034,36,20,On Time
ORD-001120,2026-02-19,PRD-0033,157,6,On Time
ORD-001121,2025-09-25,PRD-0034,238,24,Late
ORD-001122,2025-08-21,PRD-0037,143,11,Late
ORD-001123,2025-11-02,PRD-0001,37,12,On Time
ORD-001124,2026-01-24,PRD-0049,247,31,Late
ORD-001125,2026-05-18,PRD-0033,130,5,On Time
ORD-001126,2026-02-02,PRD-0041,179,16,Late
ORD-001127,2025-08-28,PRD-0022,50,13,On Time
ORD-001128,2025-11-04,PRD-0001,145,14,On Time
ORD-001129,2026-08-12,PRD-0028,20,30,Late
ORD-001130,2026-08-15,PRD-0028,156,32,Late
ORD-001131,2026-01-04,PRD-0024,51,31,Late
ORD-001132,2026-06-09,PRD-0020,227,7,Late
ORD-001133,2026-05-09,PRD-0013,14,15,On Time
ORD-001134,2026-07-25,PRD-0028,163,29,Late
ORD-001135,2026-07-09,PRD-0022,35,17,Late
ORD-001136,2026-04-06,PRD-0049,172,31,Late
ORD-001137,2026-01-11,PRD-0008,123,31,Late
ORD-001138,2026-04-05,PRD-0019,241,7,On Time
ORD-001139,2025-12-14,PRD-0017,163,29,Late
ORD-001140,2025-12-25,PRD-0030,93,7,Late
ORD-001141,2026-03-30,PRD-0028,22,34,Late
ORD-001142,2026-03-16,PRD-0034,149,22,On Time
ORD-001143,2026-03-20,PRD-0049,110,29,Late
ORD-001144,2026-01-07,PRD-0017,14,28,On Time
ORD-001145,2026-01-16,PRD-0037,145,10,Late
ORD-001146,2025-08-23,PRD-0001,53,13,Cancelled
ORD-001147,2026-03-27,PRD-0015,59,25,On Time
ORD-001148,2026-03-18,PRD-0025,3,16,Late
ORD-001149,2026-07-27,PRD-0001,93,12,On Time
ORD-001150,2026-02-20,PRD-0033,55,8,Late
ORD-001151,2026-02-06,PRD-0036,18,23,Late
ORD-001152,2025-09-13,PRD-0038,109,30,Late
ORD-001153,2025-10-30,PRD-0028,55,30,Late
ORD-001154,2025-12-21,PRD-0033,34,6,On Time
ORD-001155,2026-01-04,PRD-0023,117,19,On Time
ORD-001156,2025-12-30,PRD-0002,16,22,On Time
ORD-001157,2026-01-10,PRD-0004,247,5,On Time
ORD-001158,2026-05-27,PRD-0035,118,15,On Time
ORD-001159,2025-10-06,PRD-0050,249,23,Late
ORD-001160,2025-12-19,PRD-0001,220,18,Late
ORD-001161,2025-10-18,PRD-0031,244,30,Late
ORD-001162,2025-12-10,PRD-0038,136,34,Late
ORD-001163,2026-04-26,PRD-0043,106,30,Late
ORD-001164,2025-09-06,PRD-0030,180,5,On Time
ORD-001165,2025-12-21,PRD-0033,21,6,Cancelled
ORD-001166,2025-08-28,PRD-0038,210,29,Late
ORD-001167,2026-08-03,PRD-0045,81,33,Late
ORD-001168,2026-05-12,PRD-0005,2,4,On Time
ORD-001169,2025-11-16,PRD-0048,60,20,On Time
ORD-001170,2025-10-31,PRD-0001,61,16,Late
ORD-001171,2025-09-25,PRD-0043,4,34,Late
ORD-001172,2026-02-08,PRD-0004,167,4,On Time
ORD-001173,2026-05-22,PRD-0010,24,23,Late
ORD-001174,2026-03-21,PRD-0001,211,14,On Time
ORD-001175,2026-07-07,PRD-0024,113,27,Late
ORD-001176,2025-12-23,PRD-0020,179,8,Late
ORD-001177,2025-11-29,PRD-0008,85,31,Late
ORD-001178,2026-02-10,PRD-0024,33,29,Late
ORD-001179,2025-11-01,PRD-0023,45,26,Late
ORD-001180,2026-08-11,PRD-0040,161,30,Late
ORD-001181,2025-10-26,PRD-0047,179,24,On Time
ORD-001182,2026-02-10,PRD-0035,67,14,On Time
ORD-001183,2026-02-26,PRD-0005,89,5,On Time
ORD-001184,2025-09-09,PRD-0019,236,3,On Time
ORD-001185,2026-02-06,PRD-0047,213,26,On Time
ORD-001186,2026-02-01,PRD-0004,103,6,On Time
ORD-001187,2025-11-22,PRD-0023,61,23,Late
ORD-001188,2025-10-05,PRD-0049,76,29,Late
ORD-001189,2025-09-05,PRD-0049,135,29,Late
ORD-001190,2025-08-23,PRD-0023,142,23,Late
ORD-001191,2026-02-11,PRD-0036,46,23,Late
ORD-001192,2025-09-21,PRD-0025,17,14,On Time
ORD-001193,2026-08-05,PRD-0038,124,31,Late
ORD-001194,2025-11-17,PRD-0001,199,10,On Time
ORD-001195,2026-04-15,PRD-0007,38,3,On Time
ORD-001196,2026-04-22,PRD-0033,102,5,On Time
ORD-001197,2026-02-16,PRD-0013,41,15,On Time
ORD-001198,2026-07-08,PRD-0036,61,20,On Time
ORD-001199,2025-09-29,PRD-0021,153,21,On Time
ORD-001200,2025-11-13,PRD-0046,72,30,Late
ORD-001201,2025-11-20,PRD-0043,66,29,Late
ORD-001202,2025-10-08,PRD-0026,248,16,Late
ORD-001203,2025-12-05,PRD-0040,43,31,Late
ORD-001204,2025-12-12,PRD-0017,48,30,Late
ORD-001205,2026-05-26,PRD-0026,232,12,On Time
ORD-001206,2025-12-08,PRD-0010,138,20,On Time
ORD-001207,2026-07-05,PRD-0046,11,31,Late
ORD-001208,2026-05-29,PRD-0043,106,31,Late
ORD-001209,2026-07-15,PRD-0047,141,26,On Time
ORD-001210,2025-09-27,PRD-0046,64,35,Late
ORD-001211,2026-08-14,PRD-0049,137,33,Cancelled
ORD-001212,2026-04-01,PRD-0013,162,13,On Time
ORD-001213,2026-08-13,PRD-0048,63,23,Late
ORD-001214,2025-12-27,PRD-0032,203,27,Late
ORD-001215,2026-08-02,PRD-0023,113,20,Cancelled
ORD-001216,2026-03-22,PRD-0031,240,30,Late
ORD-001217,2025-09-15,PRD-0021,22,21,On Time
ORD-001218,2026-01-16,PRD-0017,81,27,On Time
ORD-001219,2025-10-09,PRD-0013,180,15,On Time
ORD-001220,2026-07-29,PRD-0004,223,6,On Time
ORD-001221,2025-12-09,PRD-0027,56,27,Late
ORD-001222,2025-11-09,PRD-0046,245,30,Late
ORD-001223,2026-03-09,PRD-0034,49,20,On Time
ORD-001224,2026-01-22,PRD-0028,104,30,Late
ORD-001225,2025-09-24,PRD-0023,79,22,On Time
ORD-001226,2026-06-14,PRD-0025,106,15,On Time
ORD-001227,2026-06-24,PRD-0010,225,23,Late
ORD-001228,2026-05-18,PRD-0043,183,26,On Time
ORD-001229,2026-04-02,PRD-0010,199,20,On Time
ORD-001230,2026-01-13,PRD-0038,64,24,On Time
ORD-001231,2026-03-05,PRD-0039,236,16,Late
ORD-001232,2026-02-26,PRD-0032,109,26,On Time
ORD-001233,2025-10-19,PRD-0046,163,31,Late
ORD-001234,2025-09-18,PRD-0017,174,31,Late
ORD-001235,2025-11-20,PRD-0046,166,31,Late
ORD-001236,2026-02-01,PRD-0038,150,26,On Time
ORD-001237,2025-10-17,PRD-0042,120,28,Late
ORD-001238,2025-09-27,PRD-0036,162,25,Late
ORD-001239,2026-06-26,PRD-0044,226,32,Late
ORD-001240,2026-01-03,PRD-0050,98,23,Late
ORD-001241,2026-03-21,PRD-0023,128,22,On Time
ORD-001242,2026-02-27,PRD-0042,45,26,On Time
ORD-001243,2026-05-15,PRD-0038,89,31,Late
ORD-001244,2026-05-17,PRD-0024,193,27,Cancelled
ORD-001245,2025-12-06,PRD-0048,160,22,On Time
ORD-001246,2026-06-25,PRD-0023,53,20,On Time
ORD-001247,2026-01-02,PRD-0032,136,29,Late
ORD-001248,2026-06-20,PRD-0004,203,7,Late
ORD-001249,2026-01-14,PRD-0012,31,22,Cancelled
ORD-001250,2025-09-29,PRD-0044,16,28,Late
ORD-001251,2026-05-24,PRD-0023,98,21,On Time
ORD-001252,2025-08-31,PRD-0023,164,19,On Time
ORD-001253,2026-05-28,PRD-0013,79,18,Late
ORD-001254,2025-09-04,PRD-0026,205,20,Late
ORD-001255,2025-11-03,PRD-0042,211,29,Late
ORD-001256,2026-03-28,PRD-0047,133,23,On Time
ORD-001257,2026-07-29,PRD-0003,95,19,On Time
ORD-001258,2026-01-16,PRD-0032,11,30,Late
ORD-001259,2025-10-03,PRD-0025,205,17,Late
ORD-001260,2025-11-13,PRD-0033,223,4,On Time
ORD-001261,2026-07-13,PRD-0024,111,28,Late
ORD-001262,2026-05-12,PRD-0023,129,22,On Time
ORD-001263,2025-09-25,PRD-0025,188,16,Late
ORD-001264,2026-01-07,PRD-0033,174,6,On Time
ORD-001265,2025-11-24,PRD-0028,34,27,On Time
ORD-001266,2025-10-23,PRD-0025,168,17,Cancelled
ORD-001267,2026-06-24,PRD-0043,231,32,Late
ORD-001268,2026-04-02,PRD-0038,187,28,On Time
ORD-001269,2025-10-24,PRD-0021,120,22,On Time
ORD-001270,2026-04-14,PRD-0042,131,27,Late
ORD-001271,2026-01-17,PRD-0045,65,28,On Time
ORD-001272,2025-09-11,PRD-0007,165,8,Late
ORD-001273,2026-01-31,PRD-0033,61,8,Late
ORD-001274,2025-10-26,PRD-0017,86,32,Late
ORD-001275,2025-11-17,PRD-0038,67,34,Late
ORD-001276,2026-07-06,PRD-0013,84,13,On Time
ORD-001277,2026-05-06,PRD-0036,92,21,On Time
ORD-001278,2025-10-07,PRD-0014,21,8,On Time
ORD-001279,2026-06-26,PRD-0028,179,30,Late
ORD-001280,2026-03-17,PRD-0049,110,33,Late
ORD-001281,2026-07-05,PRD-0022,237,14,On Time
ORD-001282,2026-05-19,PRD-0046,46,30,Late
ORD-001283,2025-12-21,PRD-0050,167,21,Cancelled
ORD-001284,2026-03-03,PRD-0046,45,30,Late
ORD-001285,2026-03-01,PRD-0008,137,34,Late
ORD-001286,2026-05-09,PRD-0043,123,29,Late
ORD-001287,2025-11-18,PRD-0001,112,15,On Time
ORD-001288,2025-12-19,PRD-0023,164,22,On Time
ORD-001289,2025-11-17,PRD-0046,207,30,Late
ORD-001290,2025-12-06,PRD-0037,79,5,On Time
ORD-001291,2025-10-17,PRD-0030,212,8,Late
ORD-001292,2025-09-02,PRD-0023,47,21,On Time
ORD-001293,2026-07-29,PRD-0042,73,31,Late
ORD-001294,2025-09-16,PRD-0038,78,34,Late
ORD-001295,2026-07-10,PRD-0025,238,16,Late
ORD-001296,2025-08-21,PRD-0047,30,27,On Time
ORD-001297,2026-05-30,PRD-0013,99,14,On Time
ORD-001298,2025-12-17,PRD-0008,106,30,Late
ORD-001299,2026-02-24,PRD-0034,200,21,On Time
ORD-001300,2025-12-01,PRD-0050,121,21,On Time
ORD-001301,2026-02-15,PRD-0013,241,15,On Time
ORD-001302,2026-01-31,PRD-0013,185,15,On Time
ORD-001303,2026-03-01,PRD-0007,176,7,Late
ORD-001304,2026-01-10,PRD-0046,188,30,Late
ORD-001305,2026-03-03,PRD-0013,41,13,On Time
ORD-001306,2026-06-17,PRD-0028,112,32,Late
ORD-001307,2026-01-25,PRD-0050,146,23,Late
ORD-001308,2025-12-29,PRD-0001,52,14,On Time
ORD-001309,2025-10-07,PRD-0031,30,29,Late
ORD-001310,2025-12-29,PRD-0028,34,31,Late
ORD-001311,2025-10-04,PRD-0042,197,27,Late
ORD-001312,2025-10-25,PRD-0021,164,23,Late
ORD-001313,2026-08-02,PRD-0023,71,26,Late
ORD-001314,2025-09-21,PRD-0008,184,30,Late
ORD-001315,2026-02-11,PRD-0038,174,34,Late
ORD-001316,2026-06-20,PRD-0041,204,11,On Time
ORD-001317,2026-08-02,PRD-0007,227,5,On Time
ORD-001318,2025-10-12,PRD-0023,220,24,Late
ORD-001319,2025-10-18,PRD-0047,46,27,On Time
ORD-001320,2026-01-02,PRD-0001,192,7,On Time
ORD-001321,2026-03-10,PRD-0019,98,9,On Time
ORD-001322,2026-08-05,PRD-0030,101,10,Late
ORD-001323,2025-11-03,PRD-0020,162,2,On Time
ORD-001324,2025-10-19,PRD-0017,150,34,Late
ORD-001325,2025-11-20,PRD-0025,105,10,On Time
ORD-001326,2026-07-05,PRD-0009,249,17,Cancelled
ORD-001327,2025-08-30,PRD-0029,44,26,On Time
ORD-001328,2026-01-05,PRD-0038,25,25,On Time
ORD-001329,2025-10-02,PRD-0032,8,28,Late
ORD-001330,2025-10-16,PRD-0004,203,8,Late
ORD-001331,2026-07-20,PRD-0044,102,30,Late
ORD-001332,2025-08-20,PRD-0009,109,16,Late
ORD-001333,2025-12-15,PRD-0040,162,29,Late
ORD-001334,2026-07-20,PRD-0021,109,18,On Time
ORD-001335,2026-03-29,PRD-0041,143,16,Late
ORD-001336,2025-09-15,PRD-0010,15,25,Late
ORD-001337,2026-02-05,PRD-0009,39,17,Late
ORD-001338,2026-08-09,PRD-0027,233,26,On Time
ORD-001339,2026-01-13,PRD-0001,113,11,On Time
ORD-001340,2026-02-28,PRD-0012,42,20,On Time
ORD-001341,2026-03-02,PRD-0038,92,27,On Time
ORD-001342,2026-04-18,PRD-0043,84,31,Late
ORD-001343,2025-10-27,PRD-0004,69,7,Late
ORD-001344,2026-06-22,PRD-0046,74,28,On Time
ORD-001345,2026-08-15,PRD-0041,182,16,Late
ORD-001346,2025-10-11,PRD-0046,27,32,Cancelled
ORD-001347,2026-06-14,PRD-0038,78,30,Cancelled
ORD-001348,2026-06-14,PRD-0036,117,22,On Time
ORD-001349,2026-05-17,PRD-0028,135,26,On Time
ORD-001350,2026-01-02,PRD-0035,220,15,On Time
ORD-001351,2026-02-07,PRD-0048,230,22,On Time
ORD-001352,2026-06-22,PRD-0004,75,6,On Time
ORD-001353,2025-10-14,PRD-0019,135,9,On Time
ORD-001354,2026-06-18,PRD-0003,6,22,Late
ORD-001355,2026-07-22,PRD-0049,154,28,On Time
ORD-001356,2026-04-25,PRD-0024,39,30,Late
ORD-001357,2025-12-22,PRD-0036,19,23,Late
ORD-001358,2026-03-12,PRD-0044,168,29,Late
ORD-001359,2025-09-07,PRD-0050,45,21,On Time
ORD-001360,2026-07-26,PRD-0008,119,32,Late
ORD-001361,2025-12-22,PRD-0042,26,28,Late
ORD-001362,2025-09-09,PRD-0046,186,30,Late
ORD-001363,2026-06-05,PRD-0002,191,21,On Time
ORD-001364,2026-04-17,PRD-0038,144,31,Late
ORD-001365,2026-04-04,PRD-0021,209,22,Cancelled
ORD-001366,2025-09-08,PRD-0034,109,21,On Time
ORD-001367,2026-05-21,PRD-0028,47,31,Late
ORD-001368,2026-04-09,PRD-0014,38,7,On Time
ORD-001369,2026-06-05,PRD-0007,55,2,On Time
ORD-001370,2026-06-17,PRD-0005,50,8,Late
ORD-001371,2025-11-05,PRD-0004,81,6,On Time
ORD-001372,2025-11-04,PRD-0034,54,23,Late
ORD-001373,2026-07-23,PRD-0021,148,21,On Time
ORD-001374,2026-03-01,PRD-0011,37,24,Late
ORD-001375,2026-01-26,PRD-0037,155,5,On Time
ORD-001376,2025-12-02,PRD-0037,84,4,On Time
ORD-001377,2026-04-10,PRD-0030,172,4,On Time
ORD-001378,2026-05-22,PRD-0048,128,18,On Time
ORD-001379,2025-08-20,PRD-0022,226,18,Late
ORD-001380,2026-03-09,PRD-0043,110,33,Late
ORD-001381,2026-08-17,PRD-0004,74,8,Late
ORD-001382,2025-11-30,PRD-0038,147,29,Late
ORD-001383,2025-11-30,PRD-0050,165,24,Late
ORD-001384,2026-07-06,PRD-0044,110,26,On Time
ORD-001385,2025-09-11,PRD-0032,140,29,Late
ORD-001386,2026-01-12,PRD-0033,118,9,Late
ORD-001387,2026-02-03,PRD-0021,77,23,Late
ORD-001388,2026-06-07,PRD-0036,79,26,Late
ORD-001389,2025-10-06,PRD-0040,226,32,Late
ORD-001390,2026-01-25,PRD-0050,169,20,On Time
ORD-001391,2025-10-14,PRD-0026,24,13,On Time
ORD-001392,2026-06-03,PRD-0003,240,17,On Time
ORD-001393,2026-04-07,PRD-0033,178,6,On Time
ORD-001394,2026-02-17,PRD-0005,13,9,Late
ORD-001395,2026-01-10,PRD-0013,182,16,Late
ORD-001396,2025-10-14,PRD-0019,147,8,Cancelled
ORD-001397,2026-07-22,PRD-0038,228,27,On Time
ORD-001398,2026-04-13,PRD-0009,122,16,Late
ORD-001399,2025-12-14,PRD-0008,130,33,Late
ORD-001400,2026-01-18,PRD-0002,79,22,On Time
ORD-001401,2026-05-12,PRD-0046,81,29,Late
ORD-001402,2026-05-09,PRD-0037,154,4,On Time
ORD-001403,2026-02-04,PRD-0002,207,23,Late
ORD-001404,2025-12-08,PRD-0001,222,9,On Time
ORD-001405,2026-04-17,PRD-0031,192,27,Late
ORD-001406,2026-04-17,PRD-0017,152,36,Late
ORD-001407,2026-03-26,PRD-0033,125,4,On Time
ORD-001408,2025-09-15,PRD-0024,85,30,Late
ORD-001409,2026-02-08,PRD-0048,192,22,On Time
ORD-001410,2026-04-01,PRD-0017,80,28,On Time
ORD-001411,2026-08-01,PRD-0036,67,23,Late
ORD-001412,2026-02-27,PRD-0002,217,22,On Time
ORD-001413,2025-12-23,PRD-0049,147,31,Late
ORD-001414,2026-03-10,PRD-0050,89,22,Late
ORD-001415,2025-10-23,PRD-0038,216,30,Late
ORD-001416,2025-09-22,PRD-0025,240,21,Late
ORD-001417,2026-04-24,PRD-0011,80,21,On Time
ORD-001418,2026-08-14,PRD-0042,130,29,Late
ORD-001419,2026-06-24,PRD-0038,121,28,On Time
ORD-001420,2026-03-21,PRD-0011,175,20,On Time
ORD-001421,2025-09-03,PRD-0024,237,32,Late
ORD-001422,2026-08-15,PRD-0025,137,12,Cancelled
ORD-001423,2026-01-31,PRD-0043,199,24,On Time
ORD-001424,2025-12-03,PRD-0036,149,22,On Time
ORD-001425,2026-07-11,PRD-0034,221,24,Late
ORD-001426,2026-05-19,PRD-0034,101,22,On Time
ORD-001427,2026-05-20,PRD-0017,96,28,On Time
ORD-001428,2025-11-29,PRD-0022,106,12,On Time
ORD-001429,2026-08-17,PRD-0002,249,22,On Time
ORD-001430,2026-02-01,PRD-0041,153,16,Late
ORD-001431,2026-03-01,PRD-0023,38,18,On Time
ORD-001432,2026-05-21,PRD-0024,11,32,Late
ORD-001433,2026-04-17,PRD-0013,130,16,Late
ORD-001434,2025-10-21,PRD-0010,201,24,Late
ORD-001435,2025-12-08,PRD-0033,120,7,Late
ORD-001436,2025-12-29,PRD-0013,140,16,Late
ORD-001437,2026-07-31,PRD-0003,199,22,Late
ORD-001438,2026-05-07,PRD-0040,129,32,Late
ORD-001439,2025-12-31,PRD-0022,227,11,On Time
ORD-001440,2026-05-15,PRD-0022,159,13,On Time
ORD-001441,2026-05-16,PRD-0023,183,20,On Time
ORD-001442,2026-01-10,PRD-0042,195,27,Late
ORD-001443,2026-01-14,PRD-0019,157,9,On Time
ORD-001444,2026-07-12,PRD-0039,13,16,Late
ORD-001445,2026-03-13,PRD-0049,107,35,Late
ORD-001446,2025-10-13,PRD-0035,36,18,Late
ORD-001447,2026-05-09,PRD-0023,128,19,On Time
ORD-001448,2026-03-23,PRD-0038,36,33,Late
ORD-001449,2026-02-21,PRD-0025,127,13,On Time
ORD-001450,2026-05-11,PRD-0023,86,21,On Time
ORD-001451,2026-07-17,PRD-0028,6,30,Late
ORD-001452,2025-12-18,PRD-0019,32,1,On Time
ORD-001453,2026-01-20,PRD-0004,126,11,Late
ORD-001454,2025-10-28,PRD-0023,20,23,Late
ORD-001455,2026-04-13,PRD-0005,214,5,On Time
ORD-001456,2026-01-13,PRD-0023,189,25,Late
ORD-001457,2025-12-22,PRD-0031,177,27,Late
ORD-001458,2026-05-01,PRD-0048,43,21,On Time
ORD-001459,2026-01-15,PRD-0001,199,14,On Time
ORD-001460,2026-02-05,PRD-0033,159,9,Late
ORD-001461,2026-01-27,PRD-0025,98,15,On Time
ORD-001462,2025-11-22,PRD-0001,1,15,On Time
ORD-001463,2025-10-04,PRD-0013,132,17,Late
ORD-001464,2026-06-17,PRD-0005,199,8,Late
ORD-001465,2025-09-22,PRD-0011,9,20,On Time
ORD-001466,2025-12-16,PRD-0017,14,31,Late
ORD-001467,2026-04-20,PRD-0023,96,26,Late
ORD-001468,2025-10-06,PRD-0029,128,27,On Time
ORD-001469,2026-04-16,PRD-0001,119,15,On Time
ORD-001470,2026-05-14,PRD-0008,107,29,Late
ORD-001471,2026-04-18,PRD-0004,64,9,Late
ORD-001472,2025-12-09,PRD-0030,15,5,On Time
ORD-001473,2025-08-27,PRD-0020,8,6,On Time
ORD-001474,2026-07-09,PRD-0030,25,3,On Time
ORD-001475,2025-12-17,PRD-0011,172,18,On Time
ORD-001476,2026-06-09,PRD-0001,196,15,On Time
ORD-001477,2025-10-31,PRD-0049,109,30,Late
ORD-001478,2025-10-18,PRD-0004,20,9,Late
ORD-001479,2026-05-31,PRD-0005,104,8,Late
ORD-001480,2026-07-29,PRD-0007,246,4,Cancelled
ORD-001481,2026-06-30,PRD-0050,63,19,On Time
ORD-001482,2026-05-21,PRD-0033,123,10,Late
ORD-001483,2025-11-18,PRD-0033,134,8,Late
ORD-001484,2026-07-19,PRD-0050,83,21,On Time
ORD-001485,2026-04-20,PRD-0004,110,6,On Time
ORD-001486,2025-10-21,PRD-0050,118,23,Late
ORD-001487,2025-10-06,PRD-0010,119,19,On Time
ORD-001488,2026-07-03,PRD-0033,179,6,On Time
ORD-001489,2025-11-28,PRD-0023,145,26,Late
ORD-001490,2026-05-26,PRD-0022,14,15,On Time
ORD-001491,2025-10-09,PRD-0048,2,20,On Time
ORD-001492,2025-11-30,PRD-0007,103,6,On Time
ORD-001493,2025-12-01,PRD-0050,227,20,On Time
ORD-001494,2025-11-30,PRD-0022,10,12,Cancelled
ORD-001495,2026-04-23,PRD-0034,18,23,Cancelled
ORD-001496,2026-07-19,PRD-0049,170,33,Late
ORD-001497,2026-07-18,PRD-0002,113,21,On Time
ORD-001498,2026-05-17,PRD-0048,58,21,On Time
ORD-001499,2025-11-01,PRD-0032,52,24,On Time
ORD-001500,2026-08-05,PRD-0038,166,31,Late
ORD-001501,2026-03-05,PRD-0007,131,4,On Time
ORD-001502,2026-03-07,PRD-0030,159,4,On Time
ORD-001503,2026-05-03,PRD-0036,70,25,Late
ORD-001504,2026-05-27,PRD-0025,132,16,Late
ORD-001505,2026-08-02,PRD-0007,215,7,Late
ORD-001506,2026-03-20,PRD-0013,79,17,Late
ORD-001507,2026-03-30,PRD-0045,99,34,Late
ORD-001508,2026-05-19,PRD-0001,41,15,On Time
ORD-001509,2025-11-21,PRD-0038,160,31,Late
ORD-001510,2025-12-10,PRD-0050,9,20,On Time
ORD-001511,2026-04-05,PRD-0001,62,16,Cancelled
ORD-001512,2025-09-12,PRD-0008,178,33,Late
ORD-001513,2025-12-14,PRD-0036,5,21,On Time
ORD-001514,2026-05-09,PRD-0003,247,18,On Time
ORD-001515,2026-08-11,PRD-0033,101,6,On Time
ORD-001516,2026-02-25,PRD-0036,100,21,On Time
ORD-001517,2026-01-12,PRD-0033,134,3,On Time
ORD-001518,2026-01-27,PRD-0021,160,23,Late
ORD-001519,2026-04-27,PRD-0038,115,34,Late
ORD-001520,2026-03-06,PRD-0033,221,11,Late
ORD-001521,2025-08-28,PRD-0010,240,21,On Time
ORD-001522,2026-03-04,PRD-0032,50,25,On Time
ORD-001523,2026-01-13,PRD-0046,177,30,Late
ORD-001524,2026-05-02,PRD-0036,75,22,On Time
ORD-001525,2026-07-05,PRD-0025,248,15,On Time
ORD-001526,2026-08-06,PRD-0019,64,6,On Time
ORD-001527,2026-03-30,PRD-0004,74,6,On Time
ORD-001528,2025-12-30,PRD-0013,178,10,On Time
ORD-001529,2026-01-29,PRD-0001,197,17,Late
ORD-001530,2025-10-23,PRD-0050,33,19,On Time
ORD-001531,2026-07-27,PRD-0011,139,21,On Time
ORD-001532,2026-06-25,PRD-0042,87,24,On Time
ORD-001533,2026-06-27,PRD-0008,153,27,On Time
ORD-001534,2025-12-17,PRD-0017,139,31,Late
ORD-001535,2025-12-15,PRD-0023,246,22,On Time
ORD-001536,2026-06-28,PRD-0019,233,9,On Time
ORD-001537,2026-03-06,PRD-0041,163,18,Late
ORD-001538,2026-05-04,PRD-0049,170,33,Late
ORD-001539,2026-02-14,PRD-0046,224,33,Late
ORD-001540,2026-01-28,PRD-0007,46,9,Late
ORD-001541,2026-04-07,PRD-0041,181,16,Late
ORD-001542,2026-06-12,PRD-0007,193,5,On Time
ORD-001543,2025-12-19,PRD-0047,32,28,Late
ORD-001544,2026-06-11,PRD-0028,220,30,Late
ORD-001545,2025-11-17,PRD-0020,175,7,Late
ORD-001546,2026-01-14,PRD-0008,87,28,On Time
ORD-001547,2026-07-19,PRD-0001,121,14,On Time
ORD-001548,2026-08-03,PRD-0013,122,14,On Time
ORD-001549,2026-07-23,PRD-0047,229,28,Late
ORD-001550,2025-12-13,PRD-0041,242,14,On Time
ORD-001551,2026-06-23,PRD-0049,201,31,Late
ORD-001552,2026-07-27,PRD-0004,163,10,Late
ORD-001553,2026-08-12,PRD-0033,26,8,Late
ORD-001554,2025-08-27,PRD-0014,228,10,Late
ORD-001555,2026-05-18,PRD-0030,34,4,On Time
ORD-001556,2026-08-18,PRD-0019,42,9,On Time
ORD-001557,2026-05-26,PRD-0017,18,30,Late
ORD-001558,2025-11-13,PRD-0032,236,27,Late
ORD-001559,2026-05-25,PRD-0009,123,15,On Time
ORD-001560,2025-09-27,PRD-0025,59,18,Late
ORD-001561,2026-02-11,PRD-0034,21,22,On Time
ORD-001562,2026-04-05,PRD-0006,103,19,Late
ORD-001563,2026-02-02,PRD-0048,181,22,On Time
ORD-001564,2026-05-02,PRD-0028,248,33,Late
ORD-001565,2025-11-15,PRD-0043,138,32,Late
ORD-001566,2026-03-29,PRD-0035,152,15,On Time
ORD-001567,2026-04-12,PRD-0038,209,28,On Time
ORD-001568,2026-04-08,PRD-0038,225,31,Late
ORD-001569,2025-12-03,PRD-0046,70,31,Late
ORD-001570,2025-12-09,PRD-0033,247,4,Cancelled
ORD-001571,2025-11-22,PRD-0017,130,32,Late
ORD-001572,2026-02-04,PRD-0004,232,9,Late
ORD-001573,2026-03-21,PRD-0033,30,8,Late
ORD-001574,2025-12-30,PRD-0003,25,20,On Time
ORD-001575,2026-01-16,PRD-0013,221,14,On Time
ORD-001576,2025-12-02,PRD-0003,168,21,On Time
ORD-001577,2025-11-07,PRD-0030,44,9,Late
ORD-001578,2026-04-16,PRD-0008,223,34,Late
ORD-001579,2026-06-13,PRD-0033,26,7,Late
ORD-001580,2025-12-04,PRD-0041,170,18,Cancelled
ORD-001581,2026-06-30,PRD-0043,52,33,Cancelled
ORD-001582,2026-03-16,PRD-0019,18,8,On Time
ORD-001583,2025-10-20,PRD-0030,201,8,Late
ORD-001584,2025-12-31,PRD-0032,212,33,Late
ORD-001585,2025-08-22,PRD-0025,27,19,Late
ORD-001586,2025-09-03,PRD-0035,24,17,Cancelled
ORD-001587,2025-12-20,PRD-0010,153,21,On Time
ORD-001588,2026-02-01,PRD-0050,8,21,On Time
ORD-001589,2026-06-07,PRD-0004,186,8,Late
ORD-001590,2025-10-08,PRD-0043,228,34,Late
ORD-001591,2026-06-22,PRD-0033,188,7,Late
ORD-001592,2025-11-13,PRD-0013,58,16,Late
ORD-001593,2025-10-09,PRD-0038,48,31,Late
ORD-001594,2026-05-02,PRD-0004,170,6,On Time
ORD-001595,2026-05-29,PRD-0040,16,28,On Time
ORD-001596,2026-03-28,PRD-0033,134,6,On Time
ORD-001597,2025-10-01,PRD-0004,112,10,Late
ORD-001598,2025-10-01,PRD-0004,186,5,On Time
ORD-001599,2026-01-09,PRD-0038,51,32,Late
ORD-001600,2026-01-31,PRD-0017,190,28,On Time
ORD-001601,2026-08-19,PRD-0047,175,28,Late
ORD-001602,2025-12-02,PRD-0039,60,17,Late
ORD-001603,2025-10-29,PRD-0038,89,33,Late
ORD-001604,2026-07-31,PRD-0017,17,33,Late
ORD-001605,2025-10-15,PRD-0038,112,31,Late
ORD-001606,2025-08-29,PRD-0049,65,28,On Time
ORD-001607,2026-01-21,PRD-0004,29,7,Late
ORD-001608,2026-01-13,PRD-0019,140,9,On Time
ORD-001609,2026-04-03,PRD-0013,142,15,On Time
ORD-001610,2026-07-06,PRD-0023,22,22,On Time
ORD-001611,2026-07-26,PRD-0038,47,32,Late
ORD-001612,2025-12-03,PRD-0025,21,14,On Time
ORD-001613,2026-08-12,PRD-0032,170,28,Late
ORD-001614,2026-04-07,PRD-0019,85,11,Late
ORD-001615,2025-09-14,PRD-0007,18,11,Late
ORD-001616,2026-07-28,PRD-0015,48,24,On Time
ORD-001617,2025-10-09,PRD-0045,243,26,On Time
ORD-001618,2026-03-22,PRD-0033,64,4,On Time
ORD-001619,2026-06-04,PRD-0022,171,14,On Time
ORD-001620,2025-11-19,PRD-0041,117,16,Late
ORD-001621,2025-11-26,PRD-0003,46,21,On Time
ORD-001622,2026-02-09,PRD-0014,77,8,On Time
ORD-001623,2026-07-08,PRD-0013,4,16,Late
ORD-001624,2025-11-09,PRD-0050,186,19,On Time
ORD-001625,2026-04-19,PRD-0038,84,31,Late
ORD-001626,2026-02-01,PRD-0033,125,5,On Time
ORD-001627,2025-09-29,PRD-0001,39,12,On Time
ORD-001628,2026-05-06,PRD-0009,206,13,On Time
ORD-001629,2026-06-19,PRD-0034,55,20,On Time
ORD-001630,2026-03-18,PRD-0022,142,16,Late
ORD-001631,2025-10-23,PRD-0048,218,22,On Time
ORD-001632,2025-10-15,PRD-0040,178,33,Late
ORD-001633,2026-01-21,PRD-0024,151,25,On Time
ORD-001634,2026-02-20,PRD-0038,222,28,On Time
ORD-001635,2026-03-09,PRD-0050,44,22,Late
ORD-001636,2025-11-16,PRD-0025,240,9,On Time
ORD-001637,2026-02-18,PRD-0034,139,24,Late
ORD-001638,2025-12-05,PRD-0048,103,18,On Time
ORD-001639,2026-04-27,PRD-0013,64,16,Late
ORD-001640,2026-06-06,PRD-0046,186,28,On Time
ORD-001641,2026-04-15,PRD-0004,244,8,Late
ORD-001642,2025-08-20,PRD-0034,172,28,Late
ORD-001643,2026-08-17,PRD-0041,9,10,On Time
ORD-001644,2025-08-28,PRD-0033,117,7,Cancelled
ORD-001645,2026-08-19,PRD-0026,183,11,On Time
ORD-001646,2025-08-31,PRD-0033,99,7,Late
ORD-001647,2026-02-24,PRD-0007,193,5,On Time
ORD-001648,2025-09-27,PRD-0011,177,21,On Time
ORD-001649,2025-09-23,PRD-0017,17,29,Late
ORD-001650,2026-04-26,PRD-0033,139,8,Late
ORD-001651,2026-05-12,PRD-0024,43,26,On Time
ORD-001652,2025-10-02,PRD-0013,122,17,Late
ORD-001653,2026-08-11,PRD-0046,96,28,On Time
ORD-001654,2025-12-14,PRD-0022,201,13,On Time
ORD-001655,2025-12-14,PRD-0024,217,31,Late
ORD-001656,2025-12-06,PRD-0023,115,21,Cancelled
ORD-001657,2026-02-04,PRD-0009,134,19,Late
ORD-001658,2025-10-23,PRD-0038,156,33,Late
ORD-001659,2026-01-22,PRD-0024,164,26,On Time
ORD-001660,2025-11-04,PRD-0001,159,15,On Time
ORD-001661,2025-09-07,PRD-0049,195,32,Late
ORD-001662,2026-01-01,PRD-0042,245,32,Late
ORD-001663,2026-04-22,PRD-0038,207,33,Late
ORD-001664,2026-05-25,PRD-0046,34,30,Late
ORD-001665,2025-12-26,PRD-0047,119,26,On Time
ORD-001666,2025-12-16,PRD-0020,115,6,On Time
ORD-001667,2026-06-03,PRD-0033,127,8,Late
ORD-001668,2026-04-25,PRD-0033,132,7,Late
ORD-001669,2026-06-19,PRD-0015,179,25,On Time
ORD-001670,2026-07-16,PRD-0011,105,19,Cancelled
ORD-001671,2026-06-15,PRD-0004,66,5,On Time
ORD-001672,2026-07-27,PRD-0035,114,12,On Time
ORD-001673,2026-01-19,PRD-0041,213,13,On Time
ORD-001674,2026-01-11,PRD-0039,78,18,Late
ORD-001675,2025-12-15,PRD-0019,6,8,On Time
ORD-001676,2025-11-13,PRD-0010,244,23,Cancelled
ORD-001677,2026-05-20,PRD-0025,49,10,On Time
ORD-001678,2026-05-07,PRD-0030,151,8,Late
ORD-001679,2026-06-08,PRD-0048,200,21,On Time
ORD-001680,2025-10-20,PRD-0046,69,29,Late
ORD-001681,2026-02-15,PRD-0048,85,22,On Time
ORD-001682,2025-11-09,PRD-0045,70,30,Late
ORD-001683,2026-07-11,PRD-0049,38,28,On Time
ORD-001684,2025-11-25,PRD-0025,39,17,Late
ORD-001685,2025-10-11,PRD-0002,47,22,On Time
ORD-001686,2026-03-16,PRD-0004,115,6,On Time
ORD-001687,2026-07-06,PRD-0023,133,19,On Time
ORD-001688,2026-07-20,PRD-0014,4,5,On Time
ORD-001689,2025-09-24,PRD-0008,211,30,Late
ORD-001690,2025-12-16,PRD-0049,169,33,Late
ORD-001691,2025-10-15,PRD-0010,18,22,On Time
ORD-001692,2025-12-10,PRD-0049,210,26,On Time
ORD-001693,2026-03-02,PRD-0039,8,15,On Time
ORD-001694,2025-11-30,PRD-0034,140,21,On Time
ORD-001695,2025-09-13,PRD-0036,116,23,Late
ORD-001696,2026-02-22,PRD-0020,126,8,Late
ORD-001697,2025-09-08,PRD-0034,239,16,On Time
ORD-001698,2025-11-10,PRD-0009,231,16,Late
ORD-001699,2025-08-20,PRD-0049,70,28,On Time
ORD-001700,2025-09-20,PRD-0019,145,5,On Time
ORD-001701,2026-01-26,PRD-0014,239,8,On Time
ORD-001702,2026-06-26,PRD-0038,182,31,Late
ORD-001703,2026-05-29,PRD-0035,222,12,On Time
ORD-001704,2025-09-25,PRD-0024,109,28,Late
ORD-001705,2025-09-01,PRD-0034,71,23,Late
ORD-001706,2025-12-21,PRD-0008,128,31,Late
ORD-001707,2026-04-15,PRD-0036,204,20,On Time
ORD-001708,2026-05-19,PRD-0017,232,28,On Time
ORD-001709,2026-06-16,PRD-0017,171,32,Late
ORD-001710,2025-12-22,PRD-0008,176,26,On Time
ORD-001711,2025-10-20,PRD-0020,128,9,Late
ORD-001712,2025-08-29,PRD-0020,80,6,On Time
ORD-001713,2025-10-12,PRD-0025,106,14,On Time
ORD-001714,2025-09-12,PRD-0010,124,18,On Time
ORD-001715,2026-06-30,PRD-0010,204,22,On Time
ORD-001716,2025-11-25,PRD-0030,139,7,Late
ORD-001717,2026-06-16,PRD-0006,198,12,On Time
ORD-001718,2026-03-09,PRD-0037,7,7,Late
ORD-001719,2026-03-04,PRD-0049,189,32,Late
ORD-001720,2026-02-01,PRD-0023,127,20,On Time
ORD-001721,2026-06-15,PRD-0047,249,28,Late
ORD-001722,2025-09-04,PRD-0004,118,1,On Time
ORD-001723,2025-09-22,PRD-0002,120,23,Late
ORD-001724,2026-01-21,PRD-0038,32,35,Cancelled
ORD-001725,2026-01-10,PRD-0039,201,18,Late
ORD-001726,2026-03-07,PRD-0044,175,29,Late
ORD-001727,2026-05-16,PRD-0002,215,21,On Time
ORD-001728,2026-03-22,PRD-0041,24,13,On Time
ORD-001729,2025-11-21,PRD-0022,53,14,On Time
ORD-001730,2025-12-17,PRD-0019,219,9,On Time
ORD-001731,2026-05-21,PRD-0008,11,31,Late
ORD-001732,2025-11-01,PRD-0050,127,22,Late
ORD-001733,2026-02-20,PRD-0003,101,25,Late
ORD-001734,2026-03-04,PRD-0043,234,29,Late
ORD-001735,2026-05-20,PRD-0034,214,19,On Time
ORD-001736,2026-05-07,PRD-0038,224,27,On Time
ORD-001737,2026-02-05,PRD-0038,72,31,Late
ORD-001738,2025-12-10,PRD-0045,147,31,Late
ORD-001739,2026-01-01,PRD-0009,175,17,Late
ORD-001740,2026-01-17,PRD-0001,241,14,Cancelled
ORD-001741,2025-11-08,PRD-0033,2,9,Late
ORD-001742,2026-04-05,PRD-0021,244,21,Cancelled
ORD-001743,2025-11-04,PRD-0005,89,5,On Time
ORD-001744,2026-04-13,PRD-0009,32,14,On Time
ORD-001745,2026-05-21,PRD-0020,154,3,On Time
ORD-001746,2026-08-06,PRD-0003,195,25,Late
ORD-001747,2025-10-02,PRD-0002,33,21,Cancelled
ORD-001748,2026-05-24,PRD-0048,11,23,Late
ORD-001749,2025-09-20,PRD-0019,224,7,On Time
ORD-001750,2025-12-21,PRD-0050,233,18,On Time
ORD-001751,2025-10-23,PRD-0049,39,31,Late
ORD-001752,2025-10-18,PRD-0007,226,7,Late
ORD-001753,2025-10-23,PRD-0038,227,31,Late
ORD-001754,2025-09-05,PRD-0033,249,4,On Time
ORD-001755,2026-06-16,PRD-0037,54,6,On Time
ORD-001756,2025-09-11,PRD-0004,145,8,Late
ORD-001757,2026-01-12,PRD-0010,248,25,Late
ORD-001758,2026-05-02,PRD-0004,225,8,Late
ORD-001759,2026-08-16,PRD-0033,151,8,Late
ORD-001760,2026-06-27,PRD-0050,50,22,Late
ORD-001761,2025-10-09,PRD-0036,22,19,On Time
ORD-001762,2026-08-15,PRD-0038,65,30,Late
ORD-001763,2026-04-15,PRD-0050,17,19,On Time
ORD-001764,2025-10-24,PRD-0036,49,19,On Time
ORD-001765,2026-01-30,PRD-0002,19,23,Late
ORD-001766,2026-07-21,PRD-0046,190,33,Late
ORD-001767,2026-01-10,PRD-0021,147,22,On Time
ORD-001768,2025-10-26,PRD-0001,129,10,On Time
ORD-001769,2026-07-05,PRD-0028,202,34,Late
ORD-001770,2026-08-02,PRD-0049,103,27,On Time
ORD-001771,2026-08-11,PRD-0014,101,12,Cancelled
ORD-001772,2026-08-03,PRD-0026,52,12,On Time
ORD-001773,2026-07-04,PRD-0009,111,13,On Time
ORD-001774,2026-02-01,PRD-0002,44,17,On Time
ORD-001775,2025-10-29,PRD-0004,147,6,On Time
ORD-001776,2026-04-02,PRD-0038,249,27,On Time
ORD-001777,2025-11-08,PRD-0046,133,26,On Time
ORD-001778,2026-02-08,PRD-0007,75,3,On Time
ORD-001779,2026-04-16,PRD-0017,172,30,Late
ORD-001780,2026-07-31,PRD-0010,205,23,Late
ORD-001781,2025-12-03,PRD-0001,118,18,Late
ORD-001782,2025-11-19,PRD-0030,63,5,On Time
ORD-001783,2026-05-15,PRD-0038,178,32,Late
ORD-001784,2025-08-22,PRD-0034,47,19,On Time
ORD-001785,2026-03-14,PRD-0023,249,21,On Time
ORD-001786,2026-05-19,PRD-0030,80,6,On Time
ORD-001787,2026-03-09,PRD-0004,88,7,Late
ORD-001788,2026-01-07,PRD-0007,182,8,Late
ORD-001789,2026-06-18,PRD-0048,4,24,Late
ORD-001790,2026-01-02,PRD-0039,51,13,On Time
ORD-001791,2026-05-06,PRD-0048,32,23,Late
ORD-001792,2026-02-05,PRD-0048,98,22,On Time
ORD-001793,2025-08-29,PRD-0034,138,21,On Time
ORD-001794,2026-03-01,PRD-0048,45,20,On Time
ORD-001795,2025-09-07,PRD-0023,86,21,On Time
ORD-001796,2026-07-25,PRD-0001,193,19,Late
ORD-001797,2026-03-27,PRD-0003,235,21,On Time
ORD-001798,2026-01-02,PRD-0004,4,7,Late
ORD-001799,2026-02-13,PRD-0004,157,5,On Time
ORD-001800,2026-04-03,PRD-0021,7,26,Late
ORD-001801,2025-11-22,PRD-0038,130,31,Late
ORD-001802,2025-12-03,PRD-0041,219,14,On Time
ORD-001803,2026-01-19,PRD-0033,199,6,On Time
ORD-001804,2025-11-22,PRD-0007,58,5,On Time
ORD-001805,2026-05-23,PRD-0038,65,30,Late
ORD-001806,2025-09-26,PRD-0021,196,20,On Time
ORD-001807,2026-06-17,PRD-0001,205,16,Late
ORD-001808,2025-12-25,PRD-0017,70,35,Late
ORD-001809,2026-03-12,PRD-0020,1,3,On Time
ORD-001810,2025-10-16,PRD-0017,111,28,On Time
ORD-001811,2026-01-07,PRD-0042,155,28,Late
ORD-001812,2026-05-22,PRD-0039,111,14,On Time
ORD-001813,2025-11-26,PRD-0038,233,34,Late
ORD-001814,2025-10-07,PRD-0007,203,7,Late
ORD-001815,2026-02-26,PRD-0042,197,29,Late
ORD-001816,2025-10-18,PRD-0036,6,21,On Time
ORD-001817,2025-12-12,PRD-0010,213,21,On Time
ORD-001818,2026-01-31,PRD-0034,189,19,On Time
ORD-001819,2026-03-13,PRD-0025,99,16,Late
ORD-001820,2026-04-10,PRD-0024,147,30,Late
ORD-001821,2026-04-23,PRD-0004,206,10,Late
ORD-001822,2026-06-24,PRD-0028,226,30,Late
ORD-001823,2025-09-13,PRD-0004,138,5,On Time
ORD-001824,2025-12-30,PRD-0008,11,31,Late
ORD-001825,2025-08-20,PRD-0007,155,7,Late
ORD-001826,2025-08-23,PRD-0049,170,28,On Time
ORD-001827,2025-11-05,PRD-0017,15,31,Late
ORD-001828,2026-03-26,PRD-0021,204,21,On Time
ORD-001829,2026-07-12,PRD-0019,51,6,On Time
ORD-001830,2026-05-29,PRD-0047,222,22,On Time
ORD-001831,2026-04-12,PRD-0032,138,27,Late
ORD-001832,2026-05-31,PRD-0048,81,24,Late
ORD-001833,2025-10-21,PRD-0019,15,11,Late
ORD-001834,2026-06-22,PRD-0004,5,7,Late
ORD-001835,2026-07-10,PRD-0031,185,30,Late
ORD-001836,2025-09-23,PRD-0021,94,22,On Time
ORD-001837,2026-02-07,PRD-0042,210,31,Late
ORD-001838,2026-06-18,PRD-0046,58,29,Late
ORD-001839,2026-02-09,PRD-0025,230,15,On Time
ORD-001840,2026-06-22,PRD-0050,235,20,Cancelled
ORD-001841,2026-07-27,PRD-0030,26,2,On Time
ORD-001842,2026-02-09,PRD-0017,162,31,Late
ORD-001843,2025-09-10,PRD-0026,234,13,On Time
ORD-001844,2025-12-22,PRD-0001,81,13,On Time
ORD-001845,2025-11-06,PRD-0042,17,26,On Time
ORD-001846,2026-02-09,PRD-0004,218,7,Late
ORD-001847,2026-03-21,PRD-0019,119,12,Late
ORD-001848,2026-02-05,PRD-0032,7,31,Late
ORD-001849,2025-10-30,PRD-0002,210,18,On Time
ORD-001850,2025-12-07,PRD-0004,170,5,On Time
ORD-001851,2026-04-25,PRD-0038,18,28,On Time
ORD-001852,2025-08-29,PRD-0003,65,22,Late
ORD-001853,2025-11-06,PRD-0025,5,16,Late
ORD-001854,2026-07-11,PRD-0020,238,6,On Time
ORD-001855,2025-09-25,PRD-0013,7,15,Cancelled
ORD-001856,2026-01-18,PRD-0010,199,21,On Time
ORD-001857,2025-11-03,PRD-0040,128,34,Late
ORD-001858,2025-09-27,PRD-0049,146,33,Late
ORD-001859,2026-01-21,PRD-0007,203,7,Late
ORD-001860,2026-02-26,PRD-0049,223,24,On Time
ORD-001861,2025-10-23,PRD-0033,32,6,On Time
ORD-001862,2025-09-17,PRD-0034,5,25,Late
ORD-001863,2025-10-08,PRD-0038,32,33,Cancelled
ORD-001864,2026-04-14,PRD-0038,170,25,On Time
ORD-001865,2026-06-30,PRD-0043,142,30,Late
ORD-001866,2025-10-24,PRD-0025,21,13,On Time
ORD-001867,2025-12-14,PRD-0030,59,9,Late
ORD-001868,2025-12-23,PRD-0019,134,9,On Time
ORD-001869,2025-12-29,PRD-0004,182,5,On Time
ORD-001870,2025-11-17,PRD-0036,86,21,On Time
ORD-001871,2025-09-09,PRD-0001,237,10,On Time
ORD-001872,2026-02-27,PRD-0017,248,29,Cancelled
ORD-001873,2025-12-28,PRD-0004,191,6,On Time
ORD-001874,2025-12-22,PRD-0010,114,24,Late
ORD-001875,2025-11-24,PRD-0034,219,18,On Time
ORD-001876,2026-07-25,PRD-0034,182,21,On Time
ORD-001877,2026-03-30,PRD-0023,130,23,Late
ORD-001878,2026-01-19,PRD-0004,111,3,On Time
ORD-001879,2025-11-02,PRD-0023,208,22,On Time
ORD-001880,2026-06-08,PRD-0021,139,22,On Time
ORD-001881,2026-07-10,PRD-0038,46,35,Late
ORD-001882,2025-08-31,PRD-0032,249,29,Late
ORD-001883,2026-07-25,PRD-0026,18,14,On Time
ORD-001884,2026-05-02,PRD-0026,174,16,Late
ORD-001885,2025-09-25,PRD-0049,164,29,Late
ORD-001886,2026-05-21,PRD-0039,146,15,On Time
ORD-001887,2025-09-28,PRD-0027,13,26,On Time
ORD-001888,2025-09-07,PRD-0025,123,15,On Time
ORD-001889,2025-10-01,PRD-0001,223,16,Late
ORD-001890,2026-02-03,PRD-0049,60,30,Late
ORD-001891,2026-04-03,PRD-0019,173,7,On Time
ORD-001892,2026-01-15,PRD-0014,214,8,On Time
ORD-001893,2025-10-03,PRD-0050,238,24,Late
ORD-001894,2025-10-31,PRD-0038,129,29,Late
ORD-001895,2026-06-27,PRD-0002,79,22,On Time
ORD-001896,2026-08-06,PRD-0003,175,20,On Time
ORD-001897,2026-05-22,PRD-0001,122,15,On Time
ORD-001898,2025-09-26,PRD-0033,157,3,On Time
ORD-001899,2026-06-15,PRD-0003,185,23,Late
ORD-001900,2026-04-29,PRD-0048,177,20,On Time
ORD-001901,2026-02-28,PRD-0049,61,33,Cancelled
ORD-001902,2025-10-11,PRD-0030,189,5,On Time
ORD-001903,2026-08-18,PRD-0033,135,5,On Time
ORD-001904,2026-01-28,PRD-0017,232,33,Late
ORD-001905,2025-09-05,PRD-0003,165,23,Late
ORD-001906,2025-11-04,PRD-0038,223,32,Late
ORD-001907,2026-01-13,PRD-0004,244,8,Late
ORD-001908,2025-09-11,PRD-0004,248,5,On Time
ORD-001909,2025-12-16,PRD-0019,186,8,Cancelled
ORD-001910,2026-02-06,PRD-0001,149,14,On Time
ORD-001911,2026-08-01,PRD-0024,30,30,Late
ORD-001912,2025-09-20,PRD-0038,97,27,Cancelled
ORD-001913,2026-03-18,PRD-0042,119,30,Late
ORD-001914,2026-07-20,PRD-0033,195,5,On Time
ORD-001915,2026-06-10,PRD-0044,147,28,Late
ORD-001916,2026-07-23,PRD-0023,110,23,Late
ORD-001917,2025-10-21,PRD-0045,37,31,Late
ORD-001918,2026-06-08,PRD-0028,179,29,Late
ORD-001919,2026-08-12,PRD-0011,108,21,On Time
ORD-001920,2025-12-17,PRD-0049,9,33,Late
ORD-001921,2026-02-18,PRD-0017,71,29,Late
ORD-001922,2026-03-01,PRD-0001,219,15,On Time
ORD-001923,2026-02-16,PRD-0013,30,15,On Time
ORD-001924,2025-12-03,PRD-0022,102,16,Late
ORD-001925,2026-08-09,PRD-0021,128,21,On Time
ORD-001926,2026-08-04,PRD-0028,21,34,Late
ORD-001927,2026-01-05,PRD-0046,42,31,Late
ORD-001928,2026-06-09,PRD-0017,235,32,Late
ORD-001929,2026-01-12,PRD-0028,148,31,Late
ORD-001930,2026-06-06,PRD-0020,53,4,On Time
ORD-001931,2026-03-21,PRD-0043,43,27,On Time
ORD-001932,2026-02-07,PRD-0008,107,30,Late
ORD-001933,2025-10-05,PRD-0004,181,9,Late
ORD-001934,2026-04-15,PRD-0028,182,32,Late
ORD-001935,2025-12-15,PRD-0036,49,21,On Time
ORD-001936,2025-11-07,PRD-0041,181,17,Late
ORD-001937,2025-10-29,PRD-0033,224,10,Late
ORD-001938,2026-08-13,PRD-0040,57,34,Late
ORD-001939,2025-09-26,PRD-0023,7,20,On Time
ORD-001940,2026-06-07,PRD-0001,239,14,On Time
ORD-001941,2026-07-02,PRD-0005,130,10,Cancelled
ORD-001942,2025-08-31,PRD-0002,194,22,On Time
ORD-001943,2026-03-23,PRD-0019,80,8,On Time
ORD-001944,2026-03-18,PRD-0026,75,16,Late
ORD-001945,2025-12-28,PRD-0021,57,24,Late
ORD-001946,2026-04-20,PRD-0031,55,29,Late
ORD-001947,2026-01-16,PRD-0025,118,16,Late
ORD-001948,2026-01-27,PRD-0036,27,23,Cancelled
ORD-001949,2026-01-24,PRD-0036,210,19,On Time
ORD-001950,2026-06-08,PRD-0019,128,8,On Time
ORD-001951,2026-04-08,PRD-0021,228,20,On Time
ORD-001952,2026-01-05,PRD-0033,126,5,On Time
ORD-001953,2026-07-24,PRD-0033,76,6,On Time
ORD-001954,2026-06-08,PRD-0019,129,9,On Time
ORD-001955,2026-07-26,PRD-0020,39,6,On Time
ORD-001956,2026-05-13,PRD-0037,206,5,On Time
ORD-001957,2026-01-09,PRD-0034,180,21,On Time
ORD-001958,2026-05-29,PRD-0007,37,3,On Time
ORD-001959,2025-12-18,PRD-0024,145,29,Late
ORD-001960,2025-11-26,PRD-0047,134,28,Cancelled
ORD-001961,2026-01-31,PRD-0001,51,14,On Time
ORD-001962,2026-08-08,PRD-0045,31,31,Late
ORD-001963,2026-03-15,PRD-0008,190,32,Late
ORD-001964,2026-01-07,PRD-0028,66,27,On Time
ORD-001965,2026-02-04,PRD-0023,130,23,Late
ORD-001966,2025-12-04,PRD-0001,62,21,Late
ORD-001967,2026-04-17,PRD-0047,163,26,On Time
ORD-001968,2025-12-25,PRD-0025,13,15,On Time
ORD-001969,2026-03-10,PRD-0049,90,30,Late
ORD-001970,2026-01-01,PRD-0017,137,35,Late
ORD-001971,2025-12-15,PRD-0046,110,31,Late
ORD-001972,2026-08-09,PRD-0048,153,17,On Time
ORD-001973,2025-12-24,PRD-0031,45,29,Late
ORD-001974,2025-09-14,PRD-0010,111,27,Late
ORD-001975,2026-01-05,PRD-0037,189,7,Late
ORD-001976,2026-03-02,PRD-0030,84,4,On Time
ORD-001977,2025-09-23,PRD-0049,40,32,Late
ORD-001978,2025-12-09,PRD-0024,212,24,On Time
ORD-001979,2025-10-19,PRD-0016,194,29,Late
ORD-001980,2026-02-18,PRD-0007,170,4,On Time
ORD-001981,2026-05-10,PRD-0038,199,29,Late
ORD-001982,2026-08-08,PRD-0050,194,19,On Time
ORD-001983,2026-01-09,PRD-0001,186,15,On Time
ORD-001984,2026-07-01,PRD-0038,127,32,Late
ORD-001985,2025-11-06,PRD-0048,5,21,On Time
ORD-001986,2026-05-31,PRD-0004,149,6,On Time
ORD-001987,2026-03-13,PRD-0004,69,5,On Time
ORD-001988,2026-05-23,PRD-0037,193,3,On Time
ORD-001989,2026-05-22,PRD-0034,117,19,On Time
ORD-001990,2026-03-02,PRD-0003,226,21,On Time
ORD-001991,2025-11-21,PRD-0043,149,33,Late
ORD-001992,2026-02-28,PRD-0028,138,30,Cancelled
ORD-001993,2026-06-17,PRD-0047,229,29,Late
ORD-001994,2026-08-09,PRD-0046,119,29,Late
ORD-001995,2026-07-24,PRD-0042,94,28,Late
ORD-001996,2025-10-25,PRD-0028,93,28,On Time
ORD-001997,2026-03-26,PRD-0013,218,17,Late
ORD-001998,2025-09-27,PRD-0028,189,35,Late
ORD-001999,2026-04-21,PRD-0004,41,2,On Time
ORD-002000,2026-08-17,PRD-0035,123,14,On Time
